기준_년_분기_코드,상권_코드,집객시설_수,관공서_수,은행_수,종합병원_수,일반_병원_수,약국_수,유치원_수,초등학교_수,중학교_수,고등학교_수,대학교_수,백화점_수,슈퍼마켓_수,극장_수,숙박_시설_수,공항_수,철도_역_수,버스_터미널_수,지하철_역_수,버스_정거장_수
2019_2,1000668,96,3,6,,1,3,2,1,1,,,,,,7,,,,1,40
2019_2,1000744,120,8,4,,,7,,1,1,1,,,3,,28,,,,,27
2019_2,1000797,75,3,2,,1,11,1,1,1,,,,,,3,,,,,15
2019_2,1000823,110,4,3,,1,13,1,1,,,,,,,10,,,,,18
2019_2,1000808,76,,2,,,13,2,,1,1,,,,,,,,,,22
2019_2,1000788,149,6,6,,,13,2,1,,,,,2,5,10,,,,1,25
2019_2,1000679,115,3,6,2,3,13,1,,,,,,,,4,,,,1,23
2019_2,1000758,92,2,,,,9,3,,,,,,,,12,,,,1,18
2019_2,1000720,88,4,2,,2,8,2,1,,1,,,,4,3,,,,1,24
2019_2,1000698,128,2,6,2,3,19,3,1,1,,,,,,9,,,,,24
2019_2,1000829,161,6,4,,3,17,1,1,,,,,,1,22,,,,1,29
2019_2,1000817,153,4,3,,,16,3,1,,,,,2,,36,,,,,31
2019_2,1000806,105,3,1,,,7,1,1,,,,,1,,52,,,,,23
2019_2,1000673,133,5,7,,4,12,1,2,1,,,,1,,7,,,,,42
2019_2,1000818,53,2,1,,,2,2,,1,2,,,,,6,,,,,17
2019_2,1000159,148,6,8,,2,20,3,2,2,1,,,,,13,,,,1,14
2019_2,1000219,62,3,,,,7,2,,,,,,,,5,,,,1,11
2019_2,1000216,78,2,1,,3,10,2,,,,,,,,2,,,,,19
2019_2,1000227,68,2,,,,6,1,1,1,,,,,,2,,,,,11
2019_2,1000226,123,4,1,,1,11,,,1,,,,,,1,,,,1,22
2019_2,1000229,125,4,2,,1,13,3,2,,,,,1,,2,,,,,29
2019_2,1000203,112,4,3,,,12,2,1,1,2,26,,,,3,,,,1,20
2019_2,1000214,99,7,2,,2,16,2,1,1,,,,,,2,,,,,15
2019_2,1000206,63,5,1,,,4,3,1,1,1,,,,2,4,,,,,17
2019_2,1000198,128,2,4,,3,15,2,1,,,,,,,6,,,,,20
2019_2,1000185,86,2,1,,2,10,1,2,1,1,,,1,,1,,,,,23
2019_2,1000179,78,3,1,,1,6,1,1,1,,31,,,,3,,,,1,7
2019_2,1000585,45,4,1,,1,4,1,2,1,1,3,,1,,,,,,,4
2019_2,1000299,60,3,,,,1,,,2,1,13,,,1,2,,,,,15
2019_2,1000324,217,4,5,,3,18,1,,1,1,3,,2,,16,,,,1,25
2019_2,1000315,100,3,3,,1,17,2,1,,,,,,,8,,,,,19
2019_2,1000294,77,4,4,,2,8,2,1,,,,,1,,2,,,,1,12
2019_2,1000307,95,3,,,,7,3,4,1,,,,2,2,,,,,,38
2019_2,1000306,160,5,4,,,13,4,1,2,2,7,,3,2,16,,,,1,31
2019_2,1000305,83,2,3,,2,7,5,1,,1,,,1,,1,,,,1,13
2019_2,1000302,134,7,2,,,11,1,1,,,,,,,4,,,,,34
2019_2,1000278,141,3,6,,,14,2,1,1,1,20,,1,,6,,,,1,27
2019_2,1000018,147,4,6,,,11,1,,,1,,,1,4,13,,,,2,22
2019_2,1000257,82,5,1,,2,8,2,1,1,,,,1,,2,,,,,18
2019_2,1000266,68,1,,,,5,2,1,,,,,,2,,,,,,28
2019_2,1000246,77,3,1,,1,11,3,1,,,,,1,,3,,,,,9
2019_2,1000146,78,3,2,,,5,3,2,1,1,,,,4,,,,,,13
2019_2,1000007,194,8,4,,,3,1,1,1,2,,,,37,42,,,,,43
2019_2,1000129,103,4,4,,1,8,3,,1,1,,,2,4,7,,,,,18
2019_2,1000143,120,2,6,,2,10,1,2,,,,,1,,26,,,,1,11
2019_2,1000061,84,6,,,,6,,1,2,2,,,,4,3,,,,,27
2019_2,1000112,111,4,4,,1,10,,,,,,,,1,12,,,,,18
2019_2,1000617,78,3,1,,1,10,2,,,,,,,,3,,,,,15
2019_2,1000248,167,1,3,,1,17,2,1,,,,,1,,5,,,,1,27
2019_2,1000566,137,3,3,,,8,1,2,,,,,,,9,,,,2,21
2019_2,1000641,104,1,2,,,11,2,2,,,,,,,4,,,,1,18
2019_2,1000607,106,8,5,1,1,10,,,,2,1,,1,1,7,,,,,22
2019_2,1000633,84,6,5,2,1,11,,2,1,,,,,,7,,,,,14
2019_2,1000591,110,3,3,,3,10,3,1,,2,,,1,,3,,,,1,20
2019_2,1000423,53,3,,,,3,2,1,3,1,,,,,1,,,,1,13
2019_2,1000401,148,2,3,1,1,14,3,2,1,2,,,2,,4,,,,1,28
2019_2,1000349,123,6,4,1,3,11,1,,,,,,,,5,,,,,24
2019_2,1000523,69,1,2,,,9,2,1,1,2,,,,,2,,,,,9
2019_2,1000590,45,2,2,,,1,1,1,1,,,,7,,,4,,,,19
2019_2,1000588,102,3,4,1,,18,2,,1,1,,,1,,8,,,,,11
2019_2,1000353,107,3,3,,,11,3,2,,,,,1,,6,,,,1,15
2019_2,1000577,104,2,5,,1,10,2,2,1,,,,2,,3,,,,1,19
2019_2,1000576,79,2,2,,,7,2,1,1,,,,,1,3,,,,1,21
2019_2,1000560,106,1,2,,2,12,2,,1,2,,,,,4,,,,,13
2019_2,1000495,157,3,3,,,5,1,1,,,,,1,5,70,,,,2,22
2019_2,1000574,102,,5,,2,8,1,1,1,,,,1,,4,,,,1,24
2019_2,1000554,212,3,3,,1,22,2,,,,,,,,10,,,,2,20
2019_2,1000552,105,1,2,,1,18,3,1,1,,,,,,1,,,,,11
2019_2,1000269,170,1,5,,1,14,2,2,,,,,2,,16,,,,1,24
2019_2,1000548,74,3,1,,1,6,2,3,1,,,,,,5,,,,,4
2019_2,1000511,107,7,3,,1,16,1,1,1,1,,,,,2,,,,,17
2019_2,1000658,91,1,1,,,15,3,2,1,2,,,1,,2,,,,,21
2019_2,1000233,121,3,3,,,13,2,2,1,,,,,,6,,,,1,26
2019_2,1000603,68,2,1,,,5,4,1,2,,,,1,,2,,,,,12
2019_2,1000650,126,1,4,,2,18,2,,,,1,,1,,3,,,,1,17
2019_2,1000463,93,3,2,,,3,,1,,,12,,1,,8,,,,1,26
2019_2,1000624,82,1,3,,1,6,1,1,2,,,,2,1,2,,,,,28
2019_2,1000471,110,10,7,,,11,1,1,,,,,,,6,,,,,22
2019_2,1000447,106,5,4,,,8,1,4,1,,9,,1,,12,,,,,21
2019_2,1000437,82,3,4,,,4,5,3,2,2,10,,1,,9,,,,,12
2019_2,1000427,55,3,,,,5,2,1,2,,,,,,2,,,,1,4
2019_2,1000929,136,3,1,,,8,1,1,1,1,,,,8,17,,,,,13
2019_2,1000346,120,4,1,,,9,2,1,1,,,,1,2,,,,,,53
2019_2,1000376,91,4,1,,,14,3,2,,,,,,,,,,,,29
2019_2,1000337,139,7,4,,2,18,2,1,1,1,3,,4,,10,,,,1,21
2019_2,1000332,102,5,3,,1,12,1,1,1,1,,,1,,3,,,,,18
2019_2,1000358,91,1,4,,2,10,,1,1,,,,1,,3,,,,1,28
2019_2,1000988,93,2,4,,1,14,3,1,1,,,,,,6,,,,1,20
2019_2,1000686,82,5,6,,,7,2,1,,,,,,3,2,,,,1,17
2019_2,1000981,137,2,5,,1,14,2,2,,,,,1,,9,,,,1,17
2019_2,1000743,148,4,8,,1,15,1,1,,,,,1,1,9,,,,2,18
2019_2,1000891,71,3,1,,1,7,1,2,,1,,,,,3,,,,,21
2019_2,1000773,164,4,2,1,2,15,1,1,2,1,,,,1,17,,,,2,29
2019_2,1000772,144,3,3,,1,14,,,,,,,1,1,14,,,,1,24
2019_2,1000944,96,2,3,,1,15,,1,,,,,1,,13,,,,,11
2019_2,1000954,266,3,11,,1,34,1,2,,1,,,4,,32,,,,,19
2019_2,1000952,110,4,6,,4,12,2,1,,,,,2,2,9,,,,,15
2019_2,1000924,160,4,9,,,16,1,1,,,,,2,1,13,,,,3,8
2019_2,1000923,142,3,16,,1,10,,,,,,,1,,41,,,,,16
2019_2,1000851,74,1,3,,,6,2,1,1,1,,,1,1,5,,,,,21
2019_2,1000947,97,2,2,,1,8,3,,,,,,1,4,16,,,,,11
2019_2,1001006,96,5,1,,,11,4,2,1,,,,,,,,,,,24
2019_2,1000854,91,1,3,,,8,1,,,1,,,2,,7,,,,,24
2019_2,1000843,60,3,1,,,8,3,1,1,2,,,,,2,,,,,10
2019_2,1000941,122,3,5,,,12,2,2,1,1,,,2,1,1,,,,2,22
2019_2,1000385,133,2,1,,2,14,1,1,,,1,,,,5,,,,2,42
2019_2,1000699,92,1,2,,,13,3,2,,,,,1,,1,,,,,26
2019_2,1000730,102,1,2,1,2,8,1,1,,1,,,1,,21,,,,,22
2019_2,1000705,86,2,2,,1,7,3,1,,1,,,1,,11,,,,,20
2019_2,1000812,161,4,3,,3,23,4,2,,1,,,3,,7,,,,1,30
2019_2,1000824,202,3,6,,3,25,1,1,,,,,3,,9,,,,1,31
2019_2,1000667,92,6,1,,2,11,1,2,2,1,,,,1,1,,,,,21
2019_2,1000752,90,5,5,,1,8,2,2,,,,,1,1,10,,,,,14
2019_2,1000750,50,1,,,,2,,1,1,,,,2,,1,,,,,15
2019_2,1000683,94,2,3,,,13,2,2,1,1,,,2,,,,,,,29
2019_2,1000767,152,4,4,,2,17,4,2,,,,,3,,22,,,,,24
2019_2,1000764,98,2,3,1,1,15,1,2,,,,,2,,6,,,,1,16
2019_2,1000763,101,2,4,1,1,15,1,2,,,,,2,,2,,,,1,17
2019_2,1000733,193,2,5,,1,23,1,,,,,,3,,19,,,,1,21
2019_2,1000796,117,4,3,,1,15,1,,,,,,,,9,,,,,19
2019_2,1000794,49,2,,,,5,1,1,,,,,1,,,,,,,9
2019_2,1000707,108,2,2,,2,14,3,2,1,,,,,,7,,,,2,19
2019_2,1000674,112,5,4,,2,16,1,2,1,1,,,,1,2,,,,,27
2019_2,1000805,67,2,,,,1,1,1,,2,,,,,46,,,,,7
2019_2,1000663,90,4,1,1,,8,,2,1,,,,,1,2,,,,,18
2019_2,1000672,123,6,7,,2,17,,1,1,,,,,,5,,,,,27
2019_2,1000671,144,10,6,1,2,19,,1,,,,,,,7,,,,,20
2019_2,1000782,93,2,3,1,1,13,2,1,1,,,,2,,1,,,,,12
2019_2,1000237,150,3,3,,1,15,3,2,,,,,,,1,,,,1,25
2019_2,1000221,134,4,1,,,20,2,,,,9,,,,20,,,,1,17
2019_2,1000195,58,7,2,,,3,,1,1,,,,,,,,,,,9
2019_2,1000208,97,3,2,1,1,3,1,1,2,2,51,,,4,6,,,,,12
2019_2,1000212,100,6,4,,4,12,2,1,,,,,,2,10,,,,1,12
2019_2,1000200,123,1,3,,5,17,2,2,,,,,,,6,,,,,23
2019_2,1000193,129,7,2,1,2,11,1,,1,1,,,,,9,,,,1,32
2019_2,1000538,61,2,,,,4,1,2,,,,,,,,,,,,11
2019_2,1000510,100,6,1,,,17,4,2,1,,,,,1,2,,,,,15
2019_2,1000310,81,3,2,,,9,1,1,,,,,,,7,,,,1,11
2019_2,1000507,56,2,1,,,7,,,2,1,,,,,1,,,,,3
2019_2,1000297,102,4,4,,,11,1,2,,,,,,1,,,,,,30
2019_2,1000308,95,2,1,,1,12,1,1,1,1,,,,,1,,,,2,24
2019_2,1000304,103,3,2,,,3,2,1,2,1,30,,,1,14,,,,1,21
2019_2,1000268,195,3,9,,1,16,5,2,2,1,,,1,,14,,,,1,36
2019_2,1000280,90,4,1,,,2,3,2,1,2,20,,,,3,,,,,22
2019_2,1000319,206,6,6,1,2,17,1,1,1,,,,1,,9,,,,1,28
2019_2,1000283,104,3,4,,,9,,,1,1,4,,,,5,,,,,31
2019_2,1000253,78,3,1,,,4,1,,,,,,2,,5,,,,,14
2019_2,1000263,102,2,4,,1,16,2,1,,,,,,,1,,,,1,16
2019_2,1000243,159,6,2,,2,22,1,,,,,,3,,7,,,,1,19
2019_2,1000087,101,5,1,,,11,1,2,1,1,,,,1,3,,,,,24
2019_2,1000130,97,3,3,,1,7,3,1,1,1,,,1,4,7,,,,,20
2019_2,1000043,74,2,2,,,6,1,3,1,1,,,,,2,,,,1,14
2019_2,1000139,142,1,5,,2,10,2,2,,1,,,1,6,6,,,,2,24
2019_2,1000122,106,3,4,,2,14,1,1,,,,,1,1,2,,,,3,14
2019_2,1000169,180,3,6,1,1,14,3,2,2,2,44,,1,3,34,,,,,17
2019_2,1000161,148,1,2,,,21,2,1,,1,,,1,1,4,,,,1,28
2019_2,1000113,69,5,9,,1,4,,1,,,,,,1,4,,,,1,8
2019_2,1000126,94,9,3,,,7,4,1,1,,,,2,,3,,,,2,21
2019_2,1000027,142,6,1,,,5,2,1,1,1,7,,,9,35,,,,,24
2019_2,1000191,114,2,7,,2,16,,,1,,,,1,,3,,,,3,30
2019_2,1000190,91,5,2,,1,9,1,1,1,1,,,,1,3,,,,,20
2019_2,1000032,131,6,5,,1,15,1,1,,,,,1,2,13,,,,2,7
2019_2,1000031,77,2,2,,,8,1,1,1,1,,,1,,5,,,,,13
2019_2,1000066,100,7,7,,,8,2,,1,1,,,1,5,3,,,,1,23
2019_2,1000051,158,7,7,,,5,,1,,,7,,,8,22,,,,1,33
2019_2,1000072,86,3,2,,,10,1,,1,1,7,,,,7,,,,,19
2019_2,1000063,151,12,2,,,7,,1,,,7,,,5,25,,,,1,26
2019_2,1000101,83,4,1,,,9,2,2,,,,,1,,8,,,,,9
2019_2,1000150,96,4,1,,,10,4,1,1,,,,,,3,,,,,22
2019_2,1000136,137,5,2,,1,19,1,2,,,,,1,,7,,,,1,26
2019_2,1000015,180,10,8,12,1,8,1,1,1,,23,,,18,14,,,,2,29
2019_2,1000014,139,10,9,12,1,4,2,2,1,,21,,,3,4,,,,,27
2019_2,1000013,157,2,5,,,5,1,2,,,,,,13,33,,,,2,21
2019_2,1000107,63,5,,,,5,2,1,1,1,,,,,,,,,,22
2019_2,1000021,119,4,4,,,7,3,1,1,1,7,,3,4,27,,,,,16
2019_2,1000712,55,2,1,,1,6,1,,,1,,,,1,2,,,,1,11
2019_2,1000649,44,2,,,,,2,2,,1,,,1,,,,,,1,15
2019_2,1000567,144,6,7,,2,13,1,2,1,1,,,1,1,4,8,,,2,43
2019_2,1000616,80,3,2,,,8,1,2,1,,,,,,,,,,,23
2019_2,1000504,150,3,8,,,9,2,1,,,,,,2,32,,,,,40
2019_2,1000531,90,1,2,,,10,1,1,,,,,,,5,,,,,15
2019_2,1000594,72,3,1,,,4,1,1,1,2,,,1,,,,,,1,25
2019_2,1000592,103,3,3,,1,11,2,1,,2,,,,,3,,,,,23
2019_2,1000492,106,4,4,,,10,1,1,,,,,,1,11,,,,1,21
2019_2,1000501,90,2,1,,,6,1,2,,,,,,2,1,,,,,36
2019_2,1000581,74,2,1,,1,10,1,,,,,,1,,6,,,,,15
2019_2,1000352,130,2,5,,1,18,1,,2,1,,,1,,5,,,,1,27
2019_2,1000528,113,4,4,,1,12,5,,1,1,,,2,,5,,,,,11
2019_2,1000500,125,2,5,,,17,,,,,,,,,4,,,,1,21
2019_2,1000499,122,2,4,,,11,1,2,1,1,,,,,9,,,,1,26
2019_2,1000558,131,3,4,,3,15,2,1,,,,,2,,7,,,,1,15
2019_2,1000526,70,1,1,,,8,2,2,1,2,,,,,,,,,,11
2019_2,1000555,100,2,2,,1,10,,,1,,,,,,7,,,,2,9
2019_2,1000270,195,2,5,2,2,19,2,2,3,2,9,,1,,20,,,,1,28
2019_2,1000252,133,4,2,,1,12,2,3,,1,,,1,,,,,,,21
2019_2,1000654,99,4,8,,,2,1,,1,,,,,,4,,,,,52
2019_2,1000596,96,1,2,,,9,1,3,2,,,,2,,,,,,,23
2019_2,1000355,59,2,,,,8,,,1,,,,,1,1,,,,,18
2019_2,1000481,97,2,2,,,5,3,1,2,3,,,1,,13,,,,,31
2019_2,1000460,128,2,2,,,12,3,2,1,1,1,,,1,14,,,,1,26
2019_2,1000478,98,3,3,,2,11,2,1,1,,,,,,1,,,,1,23
2019_2,1000477,107,8,6,,,8,1,1,,,,,,5,,,,,5,25
2019_2,1000469,182,4,4,,,5,3,,1,2,,,1,1,77,,,,,26
2019_2,1000473,103,3,8,,,6,1,1,,,,,,,4,,,,1,23
2019_2,1000452,189,16,10,,,10,1,2,2,3,,,,5,17,,,,2,46
2019_2,1000451,130,11,5,,1,6,1,1,,,,,,1,15,,,,1,37
2019_2,1000436,148,3,2,,,7,1,2,2,1,11,,,2,11,,,,,51
2019_2,1000433,114,4,1,,1,12,,,,,,,,,9,,,,,34
2019_2,1000439,146,5,6,,1,9,,2,3,2,8,,,,13,,,,2,36
2019_2,1000432,136,5,4,,,14,3,2,,2,,,3,,4,,,,1,27
2019_2,1000428,54,3,,,,4,2,2,1,,,,,1,,,,,3,9
2019_2,1000867,73,5,6,,,5,,1,,,,,1,1,2,,,,,14
2019_2,1000348,104,5,3,1,3,9,1,1,1,,,,,,3,,,,,22
2019_2,1000344,83,4,1,,1,10,2,1,1,,,,,,1,,,,,25
2019_2,1000395,69,5,2,,,6,3,1,2,2,,,1,,1,,,,,12
2019_2,1000418,119,3,2,1,1,18,1,,,,,,,,1,,,,1,17
2019_2,1000415,109,5,2,1,1,10,2,2,,1,1,,1,,1,,,,1,18
2019_2,1000370,77,3,1,,,3,3,3,1,2,,,,,,,,,,28
2019_2,1000543,68,3,4,,,4,2,2,,2,,,,,5,,,,,16
2019_2,1000333,91,5,,,,7,1,1,1,1,,,,,,,,,,31
2019_2,1000542,79,5,,,,8,2,3,1,,,,1,,3,,,,1,22
2019_2,1000359,130,7,4,1,2,18,,,1,,,,,,4,,,,1,30
2019_2,1000980,153,5,6,,2,20,1,2,1,2,,,1,,9,,,,2,17
2019_2,1000964,65,5,2,,1,4,1,1,1,,,,1,,2,,,,2,15
2019_2,1000979,134,3,5,,2,16,2,1,1,,,,1,,9,,,,1,8
2019_2,1000978,127,2,5,,2,16,4,2,1,,,,1,,9,,,,1,10
2019_2,1000881,135,5,6,,1,12,,1,,,,,1,,15,,,,2,23
2019_2,1000740,108,2,1,,,10,1,1,,,,,2,,5,,,,,11
2019_2,1000858,118,7,9,,1,9,,1,,,,,1,1,7,,,,1,17
2019_2,1000690,88,3,4,,1,7,1,1,1,,,,,,3,,,,1,16
2019_2,1000930,252,8,27,,2,20,,,,,,,1,3,34,,,,1,23
2019_2,1000917,87,5,4,,1,9,,1,1,,,,1,2,8,,,,1,10
2019_2,1000837,131,6,4,,1,9,3,4,1,1,,,1,1,20,,,,1,23
2019_2,1000836,205,3,4,1,2,23,3,2,1,,,,1,1,22,,,,1,20
2019_2,1000915,66,5,4,,,6,,1,1,,,,1,1,7,,,,1,4
2019_2,1000853,222,1,10,,,24,2,1,1,1,,,2,,7,,,,2,30
2019_2,1000942,111,5,,,,16,2,2,,,,,,1,2,,,,1,14
2019_2,1001004,142,2,3,,2,21,1,1,2,,,,,,9,,,,1,24
2019_2,1000998,128,4,5,,1,15,3,,,,,,3,,7,,,,1,13
2019_2,1000996,111,3,4,,3,15,1,,,,,,1,,5,,,,,11
2019_2,1000902,114,,7,,2,7,2,1,,,,,2,,35,,,,,14
2019_2,1000910,176,2,9,,,6,1,1,1,1,,1,,14,9,,,,1,8
2019_2,1000907,110,4,8,,2,6,,,1,,,,,2,5,,,,,12
2019_2,1000935,164,5,19,,,9,,,,,,1,2,8,12,,,,,23
2019_2,1000971,88,4,,,,13,2,2,,,,,,,7,,,,,8
2019_2,1000933,82,3,3,,,8,,2,,1,,,3,,5,,,,1,17
2019_2,1000903,53,,2,,,2,2,1,,1,,,,,2,,,,,19
2019_2,1001002,120,2,5,,3,22,2,,,,,,,,6,,,,1,12
2019_2,1000726,76,4,3,,,7,2,,1,,,,,,5,,,,2,16
2019_2,1000761,104,2,3,,,8,3,1,,,1,,1,,17,,,,1,15
2019_2,1000756,84,2,1,,,6,1,1,2,1,,,1,,4,,,,1,16
2019_2,1000790,72,2,1,,,12,2,1,2,1,,,,,,,,,,7
2019_2,1000754,51,2,,,,3,3,2,1,,1,,,,1,,,,,20
2019_2,1000780,120,6,1,,1,12,2,1,1,2,,,,3,15,,,,,19
2019_2,1000704,86,2,2,,,12,3,2,,,,,,,,,,,,18
2019_2,1000676,54,3,4,,,4,,1,,,,,,,,,,,,18
2019_2,1000799,94,4,1,,1,8,1,1,,,,,1,3,18,,,,,20
2019_2,1000736,107,9,2,,,7,,1,1,1,,,,,28,,,,,19
2019_2,1000735,122,1,3,,,9,1,,1,1,,,1,,7,,,,,37
2019_2,1000732,77,3,1,,,6,,1,,,,,,,10,,,,1,17
2019_2,1000706,90,1,2,,1,7,2,1,,1,,,1,,13,,,,,23
2019_2,1000695,94,3,6,,3,10,2,2,1,,1,,,,3,,,,,32
2019_2,1000819,44,1,,,,4,,,2,,,,,,5,,,,,10
2019_2,1000810,81,2,1,,,2,3,1,,2,,,,,26,,,,,20
2019_2,1000202,98,3,7,,3,12,,1,1,,,,,1,3,,,,,15
2019_2,1000213,58,1,4,,2,3,,1,1,,,,,1,2,,,,,9
2019_2,1000199,123,4,4,,6,19,2,1,,,,,,,4,,,,,21
2019_2,1000196,121,1,3,,4,16,1,2,,,,,,,6,,,,,24
2019_2,1000178,104,2,4,,,11,1,1,1,,,,,,6,,,,,18
2019_2,1000309,119,3,4,,,10,2,1,,,11,,,,7,,,,1,20
2019_2,1000325,171,3,6,,2,20,1,1,1,1,,1,1,1,7,,,,1,32
2019_2,1000296,97,5,2,,2,6,2,2,1,,,,,,3,,,,,31
2019_2,1000293,101,4,2,2,1,9,2,1,1,1,9,,,,11,,,,,25
2019_2,1000291,133,1,5,3,2,8,,,1,1,51,,,1,17,,,,2,18
2019_2,1000311,75,6,1,,,5,,2,1,,,,,,1,,,,1,16
2019_2,1000303,109,6,1,,,13,4,,,,,,1,,,,,,,15
2019_2,1000105,52,1,2,,,4,,,1,1,2,,1,2,3,,,,1,10
2019_2,1000104,84,1,9,,1,8,,,1,1,2,,1,,2,,,,1,15
2019_2,1000242,83,4,1,,,4,2,2,1,,,,,,3,,,,1,14
2019_2,1000240,67,3,,,2,6,3,2,2,3,,,1,,2,,,,,16
2019_2,1000098,94,4,2,,1,6,,1,,,,,1,,3,,,,1,28
2019_2,1000020,178,8,5,,,12,2,1,,1,,,1,1,20,,,,2,31
2019_2,1000085,86,5,4,,,4,1,1,,1,,,,1,4,,,,,31
2019_2,1000084,111,16,10,6,1,8,,,,,,,2,,8,,,,,17
2019_2,1000133,147,7,3,,,18,2,1,,,,,1,,5,,,,,29
2019_2,1000029,63,3,3,,,7,,,,,,,,,7,,,,,10
2019_2,1000127,132,4,5,,,10,,1,,,,,,1,24,,,,,15
2019_2,1000044,165,6,5,,,7,3,2,,1,,,,6,43,,,,1,12
2019_2,1000004,68,3,,,,5,,,,2,7,,2,4,8,,,,,25
2019_2,1000003,308,4,13,,,9,1,2,,1,,,,35,50,,,,2,39
2019_2,1000077,136,8,8,,,14,1,1,,,,,,1,14,,,,2,17
2019_2,1000040,249,12,13,2,1,13,1,1,,,2,,,14,46,,,,1,19
2019_2,1000069,48,2,3,,,7,,,,,,,,2,1,,,,1,13
2019_2,1000125,79,3,2,,,6,3,2,1,,,,1,,1,,,,2,15
2019_2,1000140,98,2,2,,,10,3,1,1,,,,1,2,5,,,,1,14
2019_2,1000060,74,4,,,,4,,1,2,2,,,,4,2,,,,,29
2019_2,1000189,95,5,3,,1,9,1,1,2,,,,,,2,,,,2,26
2019_2,1000117,145,6,5,,,16,2,3,1,1,,,2,,7,,,,1,19
2019_2,1000057,123,5,3,,,7,1,1,1,1,5,,1,,11,,,,1,33
2019_2,1000076,92,5,5,,1,11,,,2,2,,,1,2,9,,,,2,20
2019_2,1000036,154,7,5,,1,16,2,,2,1,,,,7,9,,,,2,15
2019_2,1000074,139,5,4,,,11,1,1,,,12,,,,31,,,,2,21
2019_2,1000157,133,1,5,,1,16,1,1,,,,,2,,5,,,,1,19
2019_2,1000102,119,3,2,5,1,9,2,2,2,1,36,,,1,20,,,,1,18
2019_2,1000631,116,1,11,,,12,1,1,,1,,,,,7,,,,2,18
2019_2,1000223,120,2,2,,,12,2,1,,,,,1,,7,,,,1,17
2019_2,1000614,150,2,4,,1,11,1,1,2,1,,,2,,8,,,,1,37
2019_2,1000600,101,4,1,,,4,3,2,,,4,,2,1,1,,,,,18
2019_2,1000632,164,4,5,,,18,3,1,,1,,,,,11,,,,1,17
2019_2,1000562,126,2,2,1,2,14,3,2,3,7,,,2,,5,,,,1,17
2019_2,1000380,199,5,8,,,19,2,1,,,17,,2,,16,,,,1,33
2019_2,1000502,102,7,2,,1,12,2,3,,,,,,,3,,,,1,19
2019_2,1000529,106,5,4,1,,16,1,1,1,1,,,,,7,,,,,13
2019_2,1000572,89,1,,,,9,4,1,1,2,,,1,,1,,,,,35
2019_2,1000639,116,1,3,,2,11,3,,,,,,1,,9,,,,1,18
2019_2,1000489,84,1,1,,,10,3,2,,,1,,,,7,,,,1,17
2019_2,1000551,86,5,3,,1,8,2,1,3,3,,,,,4,,,,,21
2019_2,1000550,56,2,1,,1,4,4,2,2,3,,,,,2,,,,,15
2019_2,1000514,73,5,,,,6,1,1,1,,,,,1,2,,,,,10
2019_2,1000513,81,3,2,,1,9,,,2,1,,,,,2,,,,,10
2019_2,1000232,117,3,4,,1,11,3,2,1,,,,1,,1,,,,,22
2019_2,1000570,68,2,,,,5,1,1,,,,,,,3,,,,,23
2019_2,1000330,129,3,3,,,14,1,2,1,1,,,2,,,,,,,27
2019_2,1000643,151,7,11,,3,13,,1,,,,,,,25,,,,,30
2019_2,1000454,167,5,5,1,2,18,3,2,,,1,,2,,5,,,,1,23
2019_2,1000446,106,4,3,,,14,1,1,,,,,2,1,3,,,,1,17
2019_2,1000445,176,2,8,11,4,10,1,,,,37,,1,1,30,,,,,34
2019_2,1000438,160,2,5,,1,25,2,,,,,,3,,2,,,,1,33
2019_2,1000429,191,8,2,,4,18,1,1,,,,,1,1,6,,,,2,34
2019_2,1000431,141,2,6,,1,18,1,1,,2,,,,,2,,,,1,18
2019_2,1000342,232,5,5,,2,17,,,,,1,,,,17,,,,1,29
2019_2,1000393,77,1,,2,2,10,,,1,1,1,,,,,,,,,22
2019_2,1000416,123,2,5,2,3,14,2,1,,1,,,1,,5,,,,1,22
2019_2,1000368,34,1,,,,1,1,,,1,,,1,,1,,,,1,9
2019_2,1000336,120,3,3,,2,19,1,1,1,1,2,,2,,5,,,,1,12
2019_2,1000411,86,4,1,2,1,6,1,1,,,1,,,,1,,,,,25
2019_2,1000545,115,4,3,,,15,,1,2,,,,1,,4,,,,1,21
2019_2,1000362,90,4,4,,5,10,,,,,,,,,1,,,,,21
2019_2,1000541,121,5,4,,,11,4,1,,2,,,1,,12,,,,1,15
2019_2,1000360,126,2,5,,1,16,,,2,1,,,1,,7,,,,1,26
2019_2,1000976,31,1,,,,3,1,1,,2,,,1,,,,,,,12
2019_2,1000973,85,2,,,,13,3,3,1,,,,1,,1,,,,,11
2019_2,1000983,125,10,4,,4,12,2,2,1,1,,,2,,6,,,,1,26
2019_2,1000710,122,5,2,,2,9,1,1,,1,,,,4,12,,,,1,33
2019_2,1000685,91,5,7,,1,6,1,1,,,,,,1,8,,,,3,20
2019_2,1000927,200,1,6,,1,10,1,1,,1,,,1,7,8,,,,,10
2019_2,1001001,96,2,5,,2,14,1,1,1,,,,,,7,,,,1,12
2019_2,1000714,100,6,,,,11,3,,,1,,,1,,,,,,1,28
2019_2,1000691,132,3,4,,,13,1,,1,,,,1,,6,,,,2,27
2019_2,1000769,66,1,,,,4,2,1,1,,,,1,1,,,,,,33
2019_2,1000850,77,7,5,,,5,,1,,,,,3,,12,,,,,15
2019_2,1000943,147,3,6,,1,22,2,1,,,,,4,,15,,,,,16
2019_2,1000948,93,4,3,,1,10,2,1,1,1,,,,,11,,,,,11
2019_2,1000918,134,4,7,,1,10,1,1,,1,,,,4,6,,,,,9
2019_2,1000886,79,2,,,1,6,1,1,,,,,1,,21,,,,,2
2019_2,1000916,97,2,4,,,8,,1,,,,,3,2,16,,,,1,12
2019_2,1000856,59,6,2,,,3,1,1,1,1,,,2,1,4,,,,,15
2019_2,1000846,87,7,6,,,7,,1,1,1,,,1,1,8,,,,1,23
2019_2,1000844,55,2,2,,1,5,,1,,,,,,2,,,,,,27
2019_2,1000997,115,3,2,,3,20,2,1,1,,,,1,,5,,,,,14
2019_2,1000875,164,4,11,,,9,1,,,,,,2,,23,,,,1,16
2019_2,1000841,87,1,1,,,12,,1,,2,,,1,,12,,,,,15
2019_2,1000911,102,2,5,,,6,1,,,,,,,9,10,,,,,5
2019_2,1000838,143,4,2,,,15,,,,2,,,2,,56,,,,,21
2019_2,1000938,68,3,5,,1,9,1,1,,,,,1,,11,,,,,3
2019_2,1000937,140,4,7,,,13,,,1,,,,2,3,10,,,,2,9
2019_2,1000906,207,1,5,,1,8,1,1,,,,,1,7,17,,,,,5
2019_2,1000968,144,4,5,,1,15,5,1,1,,,,1,,9,,,,1,18
2019_2,1000965,108,2,5,,,8,4,2,1,,,,1,1,1,,,,,25
2019_2,1000995,110,5,3,,2,11,,,,,,,,1,3,,,,,11
2019_2,1000669,73,3,2,,1,5,1,1,1,,,,,,7,,,,,24
2019_2,1000792,89,4,1,,,10,2,1,,,,,,2,9,,,,1,16
2019_2,1000749,87,5,2,,,8,2,2,1,,,,2,,6,,,,,9
2019_2,1000781,184,6,4,,2,16,3,2,,,,,1,3,24,,,,1,16
2019_2,1000738,148,5,4,,,15,,1,2,1,,,2,,16,,,,1,20
2019_2,1000813,86,3,2,,,3,2,1,1,1,,,1,,30,,,,,21
2019_2,1000834,145,5,8,,3,17,2,1,,,,,1,,12,,,,,25
2019_2,1000762,74,,2,1,1,10,1,2,1,,,,2,1,2,,,,,12
2019_2,1000709,94,3,1,2,1,15,2,1,1,1,,,1,,1,,,,,23
2019_2,1000665,79,3,,,,9,,1,,1,,,,1,1,,,,,19
2019_2,1000694,107,4,7,,1,6,1,3,2,,1,,,,7,,,,1,34
2019_2,1000793,103,3,3,,1,18,2,1,1,2,,,,,,,,,,22
2019_2,1000727,97,2,4,,2,13,2,1,1,,,,,,11,,,,,18
2019_2,1000703,105,2,3,,,12,4,,,,,,1,,6,,,,1,32
2019_2,1000725,71,4,1,1,1,2,,,,,,,1,1,15,,,,3,17
2019_2,1000681,109,4,3,,,13,1,,1,,,,,,2,,,,,14
2019_2,1000700,67,2,2,,1,4,,,,,,,,,4,,,,,18
2019_2,1000811,123,3,1,,,9,1,1,1,1,,,1,,15,,,,,25
2019_2,1000244,151,2,2,,1,21,2,1,2,,,,1,,4,,,,1,17
2019_2,1000220,113,3,,,,18,3,,,,9,,,,14,,,,1,14
2019_2,1000215,58,1,1,,1,8,1,1,,,,,,,1,,,,,15
2019_2,1000204,113,,4,,1,12,1,2,,,,,1,,5,,,,,15
2019_2,1000181,80,2,2,,1,9,1,,,,3,,,,9,,,,1,9
2019_2,1000180,100,3,2,,1,10,,,1,,29,,,,8,,,,1,10
2019_2,1000317,86,4,2,,,10,2,1,1,,13,,,,2,,,,,24
2019_2,1000326,81,3,3,2,3,11,2,,1,,,,1,,3,,,,,21
2019_2,1000292,161,2,6,3,3,11,,1,,,49,,,1,26,,,,2,23
2019_2,1000289,78,2,2,2,1,4,1,1,1,1,28,,,,3,,,,,18
2019_2,1000288,153,5,5,,,16,2,,,,9,,1,,8,,,,1,26
2019_2,1000284,183,1,4,,1,15,3,3,1,1,,,2,,10,,,,1,24
2019_2,1000254,160,3,3,,1,16,3,1,,,,,2,,7,,,,1,21
2019_2,1000285,121,3,5,,2,8,2,2,1,1,19,,1,,8,,,,1,19
2019_2,1000258,122,5,1,1,3,14,3,2,2,1,,,1,,2,,,,,31
2019_2,1000265,101,4,2,,2,10,2,1,,,,,,,3,,,,1,22
2019_2,1000083,110,6,6,,,9,,1,1,1,,,,,14,,,,2,23
2019_2,1000028,123,7,5,,,11,,1,,1,,,,1,10,,,,1,14
2019_2,1000005,36,3,1,,,,,,,,,,,4,2,,,,,12
2019_2,1000138,158,5,5,,1,9,2,3,2,1,4,,1,4,30,,,,2,20
2019_2,1000145,88,2,1,,,9,2,,1,,,,1,,8,,,,1,18
2019_2,1000162,102,1,1,,,10,4,2,,1,,,,1,5,,,,1,19
2019_2,1000026,79,1,4,,1,1,1,,,,,,2,5,2,,,,,26
2019_2,1000050,39,2,,,,,1,1,1,,,,,3,1,,,,1,15
2019_2,1000035,144,6,4,1,1,17,1,,2,1,,,1,5,7,,,,3,15
2019_2,1000073,178,7,7,,,12,1,2,2,2,12,,,,38,,,,3,22
2019_2,1000064,80,2,3,,,6,1,1,,,7,,,3,15,,,,,16
2019_2,1000148,82,7,1,,,7,2,1,1,1,,,,1,2,,,,,14
2019_2,1000011,144,6,9,,3,7,,1,1,1,,,1,1,29,,,,1,22
2019_2,1000108,80,2,11,,2,6,2,2,1,,,,,2,13,,,,1,11
2019_2,1000088,200,4,6,5,2,16,2,2,1,1,36,,2,3,23,,,,2,36
2019_2,1000608,105,4,5,1,1,12,1,1,1,3,1,,1,1,5,,,,1,23
2019_2,1000584,72,1,1,,,10,2,2,2,3,,,1,,2,,,,,17
2019_2,1000622,98,1,,,,9,3,2,1,2,,,,,1,,,,,31
2019_2,1000530,92,4,4,1,2,16,1,,,,1,,1,,5,,,,,10
2019_2,1000610,110,3,4,,1,10,2,1,,,,,2,,4,,,,,30
2019_2,1000493,110,4,7,,,8,,,1,,,,,3,11,,,,2,21
2019_2,1000547,87,4,2,,,10,2,3,1,,,,,,2,,,,,8
2019_2,1000580,104,5,5,,,7,2,1,1,,,,,,4,4,,,2,30
2019_2,1000559,98,,3,,,10,2,1,1,2,,,1,,3,,,,1,16
2019_2,1000573,110,2,3,1,2,20,2,,,,1,,1,,7,,,,,13
2019_2,1000652,63,2,1,,2,5,,1,,1,,,,1,,,,,,24
2019_2,1000275,125,2,4,2,1,9,3,1,1,1,28,,,,3,,,,1,27
2019_2,1000272,134,2,5,,,15,2,,1,,7,,1,1,13,,,,1,22
2019_2,1000517,57,,,,,2,1,1,1,,,,,,,,,,,28
2019_2,1000491,154,5,8,,,9,1,1,,,,,,5,30,,,,2,32
2019_2,1000488,294,2,4,,1,15,1,1,,,,,,3,86,,,,1,52
2019_2,1000484,86,4,1,,1,7,1,3,1,,,,,,5,,,,1,23
2019_2,1000655,104,5,3,,2,5,1,,1,,,,1,,6,,,,,43
2019_2,1000231,149,5,5,,1,17,4,,1,,,,1,,3,,,,2,30
2019_2,1000597,101,1,1,,1,8,,1,1,,,,2,,,,,,1,26
2019_2,1000405,207,2,6,,3,18,2,1,,2,,,4,,7,,,,2,32
2019_2,1000462,213,7,15,,,21,2,1,,,,,1,1,4,,,,5,33
2019_2,1000626,110,3,10,,,10,1,,,1,,,,,7,,,,1,17
2019_2,1000625,82,3,3,,2,7,1,1,,,,,,,2,,,,1,16
2019_2,1000467,117,2,5,,,5,3,1,1,1,,,,,30,,,,,37
2019_2,1000465,79,,2,,,5,,,1,,,,,5,19,,,,1,14
2019_2,1000456,46,,,,,4,,1,,,,,,,,,,,,19
2019_2,1000455,148,5,4,1,2,17,2,2,,,1,,2,,6,,,,1,19
2019_2,1000444,128,4,4,,1,12,,1,2,1,,,,,12,,,,2,32
2019_2,1000440,136,3,3,,,16,4,2,,,2,,2,,2,,,,,38
2019_2,1000402,150,2,4,,2,19,5,3,1,2,,,2,,5,,,,1,22
2019_2,1000430,126,5,3,2,2,13,1,1,,,,,,,3,,,,1,25
2019_2,1000865,217,1,11,,1,15,3,1,,,12,,1,1,25,,,,2,24
2019_2,1000896,157,4,4,,4,15,,1,,,,,,1,33,,,,1,10
2019_2,1000345,71,5,,,2,,2,1,1,,,,,,1,,,,,32
2019_2,1000343,73,3,,,1,7,1,1,,,4,,1,,,,,1,,28
2019_2,1000394,110,4,3,,1,12,3,2,,1,,,1,,2,,,,2,23
2019_2,1000338,79,5,2,,1,7,1,1,1,1,,,4,,6,,,,,16
2019_2,1000413,144,6,6,,4,21,,1,,,,,1,,5,,,,1,22
2019_2,1000397,46,3,2,,,7,2,1,,,,,,,1,,,,2,9
2019_2,1000366,52,2,2,,,4,2,,1,1,,,1,,1,,,,,9
2019_2,1000365,63,6,3,,,4,1,,1,,,,,,2,,,,1,28
2019_2,1000544,131,5,4,,,18,2,1,,,,,1,,7,,,,1,22
2019_2,1000540,99,3,4,,,10,1,2,,2,,,,,5,,,,,18
2019_2,1000975,19,1,,,,1,,2,1,2,,,,,,,,,,7
2019_2,1000483,97,2,1,,,2,1,,1,2,,,1,,47,,,,,18
2019_2,1000991,108,1,3,,1,11,2,,1,,,,,,11,,,,1,21
2019_2,1000962,141,8,10,,,11,1,2,1,,,,3,10,3,,,,3,30
2019_2,1000957,90,2,4,,,4,1,2,1,2,,,,,6,,,,1,25
2019_2,1000770,122,3,2,1,2,11,1,,1,,,,,1,12,,,,,20
2019_2,1000893,109,5,2,1,1,12,2,1,1,1,,,,1,17,,,,,16
2019_2,1000716,93,4,2,,1,8,3,2,,,,,,,5,,,,,27
2019_2,1000953,159,6,6,,1,14,4,1,1,,,,,11,13,,,,2,30
2019_2,1000803,68,3,2,,,7,1,1,,,,,1,,5,,,,,5
2019_2,1000920,122,4,7,,1,12,2,1,1,2,,1,1,,13,,,,,10
2019_2,1000890,113,3,11,,1,10,1,1,,1,,,,,8,,,,,27
2019_2,1000869,122,5,6,,,11,2,1,1,1,,,1,,7,,,,1,25
2019_2,1000922,122,5,7,,1,13,1,1,,,,,1,,31,,,,,9
2019_2,1000914,130,9,9,,1,9,1,1,,,,,1,3,20,,,,1,15
2019_2,1000885,180,4,11,,2,14,,2,,,12,,5,1,22,,,1,1,32
2019_2,1000847,129,7,7,1,2,15,,,,,7,,3,,2,,,,,30
2019_2,1000919,110,4,8,,1,14,2,1,1,2,,1,1,,3,,,,,9
2019_2,1000870,140,5,11,,1,13,1,,,,,,1,,7,,,,1,31
2019_2,1000842,54,3,,,,5,2,2,,2,,,,,9,,,,,14
2019_2,1000939,138,4,8,,3,15,1,1,,,,,1,1,2,,,,1,9
2019_2,1001005,173,7,9,,6,20,3,1,,,,,1,,17,,,,1,25
2019_2,1000970,37,3,,,,3,1,2,2,1,,,1,,,,,,,12
2019_2,1000969,36,,,,,2,2,,2,1,,,1,,1,,,,,6
2019_2,1000994,127,5,5,,2,10,,,,,,,,2,2,,,,2,11
2019_2,1000080,69,5,4,,,3,,1,,,,,,,5,,,,2,6
2019_2,1000038,132,7,5,,1,17,2,,,,,,,,7,,,,2,10
2019_2,1000144,133,5,3,,1,12,3,1,,,,1,1,,15,,,,,22
2019_2,1000114,93,4,10,,2,5,1,1,,,,,,1,15,,,,,18
2019_2,1000071,133,17,2,5,1,4,1,1,,,,,,6,17,,,,1,27
2019_2,1000124,84,8,2,,2,7,2,1,,,,,,1,1,,,,1,21
2019_2,1000154,113,,5,,,13,3,,,,,,3,,3,,,,,16
2019_2,1000119,131,5,2,1,2,12,1,2,,1,,,1,,11,,,,1,25
2019_2,1000192,135,3,8,,2,27,,,,,,,1,,4,,,,1,20
2019_2,1000188,109,2,,1,1,5,1,1,1,1,26,,,,15,,,,1,22
2019_2,1000095,75,3,2,,,6,3,2,3,1,,,,,5,,,,3,13
2019_2,1000118,189,6,5,1,2,19,3,1,,,,,2,2,10,,,,3,24
2019_2,1000165,137,5,7,,1,8,2,1,,,,,1,1,9,,,,2,17
2019_2,1000024,62,3,,,,7,,1,,,,,,2,5,,,,,2
2019_2,1000037,123,7,4,,1,9,2,3,,,,,,4,13,,,,2,11
2019_2,1000059,52,10,,,,1,1,1,2,1,,,,3,2,,,,1,15
2019_2,1000092,70,4,6,,,5,2,2,2,2,,,,1,6,,,,1,13
2019_2,1000062,137,8,4,4,1,15,1,1,,,7,,,3,19,,,,,22
2019_2,1000053,92,4,5,,,3,,1,,,,,,1,12,,,,1,19
2019_2,1000012,95,2,2,,,5,2,1,1,1,7,,,8,25,,,,,11
2019_2,1000049,139,7,7,,,12,1,1,,1,,,,,10,,,,1,21
2019_2,1000109,88,2,7,,,13,3,2,2,,,,2,2,7,,,,1,11
2019_2,1000106,115,2,2,,,16,4,1,2,,,,2,1,4,,,,1,29
2019_2,1000089,133,2,3,,,16,1,1,,,,,,,2,,,,,33
2019_2,1000568,157,7,8,,2,11,2,2,1,1,,,1,1,4,12,,,2,49
2019_2,1000506,79,4,1,,,5,1,1,1,1,6,,,,5,,,,,20
2019_2,1000505,115,2,11,,,11,1,1,,,,,1,,5,,,,1,22
2019_2,1000582,112,3,3,,1,14,4,2,,,,,,,4,,,,,15
2019_2,1000563,125,2,3,,,9,2,,,,,,,,11,,,,2,12
2019_2,1000612,45,2,,,,5,,1,,,,,,,,,,,,13
2019_2,1000378,96,4,5,1,2,10,3,1,,2,22,,,,,,,,,17
2019_2,1000350,122,2,5,,1,13,2,,,,,,1,,8,,,,,21
2019_2,1000351,105,4,4,2,3,12,1,,1,,,,1,,3,,,,,21
2019_2,1000557,156,3,7,,3,19,1,1,1,,,,1,,6,,,,1,21
2019_2,1000525,80,,2,,,11,3,2,2,1,,,,,,,,,,13
2019_2,1000497,127,2,3,,,10,2,1,,,,,,1,17,,,,1,33
2019_2,1000521,147,1,7,,2,11,4,1,,3,,,1,,16,,,,1,16
2019_2,1000519,155,4,9,,1,14,,2,2,,,,1,2,6,,,,1,22
2019_2,1000271,124,2,6,,,15,1,,1,,,,1,,11,,,,1,24
2019_2,1000516,84,1,4,,2,9,3,1,1,,,,,,,,,,,21
2019_2,1000486,78,2,,,,2,4,2,2,3,18,,,,2,,,,,14
2019_2,1000657,21,1,1,,,1,1,,,,,,,,,,,,,7
2019_2,1000250,87,4,1,,1,9,4,2,1,,,,,,1,,,,2,17
2019_2,1000635,78,4,2,,1,10,1,1,,,,1,,,3,,,,,19
2019_2,1000634,115,9,3,,1,10,,2,1,1,,,,,4,,,,,29
2019_2,1000598,94,2,4,1,3,12,3,2,1,3,4,,2,1,2,,,,,14
2019_2,1000605,195,5,7,,4,25,1,1,,,,,1,,7,,,,1,27
2019_2,1000604,96,3,3,,1,9,2,1,2,,,,1,,3,,,,,22
2019_2,1000354,90,2,1,,,14,2,2,,,,,1,1,,,,,,21
2019_2,1000329,104,2,3,,,11,,1,1,2,,,2,,,,,,,27
2019_2,1000328,46,1,,,,2,,3,1,2,,,,,,,,,,21
2019_2,1000464,95,6,3,,,5,1,1,2,1,,,2,,12,,,,1,27
2019_2,1000645,64,4,,,,3,1,,1,6,,,,,,,,,,27
2019_2,1000644,146,5,9,,1,11,,,,,,,,,24,,,,1,26
2019_2,1000458,105,7,2,,,4,1,,1,1,17,,1,,14,,,,2,25
2019_2,1000470,135,2,2,,,6,,,,,,,1,,60,,,,1,18
2019_2,1000468,132,2,5,,,5,3,,1,2,,,,1,47,,,,,21
2019_2,1000474,105,8,6,,,10,,1,,,,,,,10,,,,,22
2019_2,1000450,92,5,2,,,8,,2,,,8,,1,,11,,,,,23
2019_2,1000441,173,5,5,1,2,19,5,1,,,,,2,,3,,,,1,24
2019_2,1000404,174,2,4,,3,21,3,2,1,1,,,1,,11,,,,1,30
2019_2,1000535,81,2,4,,2,12,1,1,1,,,,,,,,,,,10
2019_2,1000532,68,4,4,,,5,1,1,1,,,,1,,2,,,,,16
2019_2,1000897,50,2,5,,1,5,,1,,,,,2,1,4,,,,,3
2019_2,1000341,56,1,,,,2,2,1,1,1,3,,,,,,,,,26
2019_2,1000417,107,3,2,1,1,12,4,2,1,1,,,,,,,,,,16
2019_2,1000340,93,1,1,,,10,3,1,1,1,,,,,4,,,,,36
2019_2,1000371,126,4,5,,5,14,3,1,1,,,,1,,,,,,,31
2019_2,1000399,73,1,1,1,,7,3,1,2,2,,,,,1,,,,,21
2019_2,1000364,79,4,3,,,7,2,,1,,,,,,3,,,,,31
2019_2,1000334,68,4,,,1,10,1,1,,,,,1,,,,,,,21
2019_2,1000410,58,5,1,,,6,2,2,2,1,,,,,2,,,,,13
2019_2,1000407,105,4,3,,,13,1,1,1,,,,3,,4,,,,1,15
2019_2,1000539,83,3,2,,,10,2,2,,,,,,,,,,,,4
2019_2,1000999,172,2,3,,3,26,1,1,1,,,,,,16,,,,1,17
2019_2,1000974,43,2,1,,,1,3,2,1,3,,,,,,,,,,16
2019_2,1000382,137,4,2,1,4,13,3,2,2,,,,,,9,,,,,22
2019_2,1000984,112,13,6,,1,6,1,1,2,1,,,,10,2,,,,2,29
2019_2,1000987,108,4,5,,2,10,3,1,,,,,1,,9,,,,1,9
2019_2,1000982,55,3,3,,,4,3,2,1,2,,,,,,,,,,16
2019_2,1000778,116,3,3,1,1,14,2,2,1,,1,,2,1,6,,,,1,23
2019_2,1000959,141,5,6,,4,14,1,2,2,1,,,10,,15,,,,2,19
2019_2,1000771,69,2,1,1,2,5,1,,1,,,,,1,6,,,,,16
2019_2,1000931,123,9,14,1,3,5,,,1,1,,,1,8,7,,,,1,20
2019_2,1000859,68,6,1,,,3,,1,1,1,,,1,3,4,,,,1,23
2019_2,1000848,99,7,4,,1,5,,1,1,1,,,,4,6,,,,,24
2019_2,1000739,200,6,8,,2,18,2,2,,,,,4,,9,,,,1,30
2019_2,1000715,88,3,4,,1,11,1,3,1,1,,,2,,2,,,,,19
2019_2,1000921,85,3,4,,1,7,1,1,,,,,2,,7,,,,,18
2019_2,1000913,154,3,8,,4,13,1,,,,,,,1,25,,,,1,17
2019_2,1000849,165,5,12,,3,10,,,,,,,1,4,11,,,1,1,29
2019_2,1000945,151,4,6,,1,18,3,2,,,,,4,4,18,,,,,14
2019_2,1000857,98,2,9,,1,7,2,1,1,1,,,1,1,8,,,,,18
2019_2,1000855,87,8,6,,,4,,,1,,,,1,2,3,,,,,18
2019_2,1000868,209,3,8,,1,16,1,,,,,,1,,28,,,,1,23
2019_2,1001007,48,2,3,,,4,2,1,1,2,,,,,,,,,,15
2019_2,1000901,84,6,3,,,5,1,,1,,,,2,1,8,,,,1,17
2019_2,1000391,72,2,,,,7,3,2,2,2,,,,,9,,,,,19
2019_2,1000912,75,3,6,,2,3,,1,1,1,,,1,3,7,,,,1,12
2019_2,1000871,130,3,12,,1,13,,,,,,,1,,8,,,,1,28
2019_2,1000936,118,5,9,,2,6,1,,,,,,1,2,11,,,,1,13
2019_2,1000967,163,11,7,,,11,2,2,3,2,8,,1,10,7,,,,2,31
2019_2,1000934,107,3,4,3,1,15,,2,,1,,,2,,6,,,,1,30
2019_2,1001003,161,4,3,,4,15,,,,,,,,1,10,,,,1,22
2019_2,1000972,100,,1,,1,17,4,3,1,,,,2,,2,,,,,14
2019_2,1001010,93,3,1,,2,11,1,1,1,,,,1,1,9,,,,,14
2019_2,1000724,93,3,2,,1,7,3,1,,,,,,,6,,,,,29
2019_2,1000723,75,2,2,,2,9,2,1,1,1,,,,,7,,,,1,17
2019_2,1000816,106,3,1,,,7,1,1,1,1,,,1,,43,,,,,27
2019_2,1000787,91,3,1,,1,5,4,1,,1,,,1,,,,,,,30
2019_2,1000828,75,1,2,,1,7,,,2,,,,,,4,,,,1,14
2019_2,1000661,85,5,1,,,10,,1,1,,,,,,,,,,,15
2019_2,1000067,149,8,8,,,13,3,2,,,,,2,,7,,,,1,36
2019_2,1000151,135,4,6,,1,13,5,3,3,2,1,,,,11,,,,1,20
2019_2,1000091,88,4,1,,,14,2,,1,1,,,2,,,,,,,20
2019_2,1000175,82,3,1,,2,13,,1,,,,,,,1,,,,,15
2019_2,1000135,85,3,2,,,10,1,,,,,,1,,5,,,,,20
2019_2,1000618,102,3,2,,,10,1,1,1,,1,,,,2,,,,,33
2019_2,1000249,123,,3,,2,7,1,1,,,,,,1,6,,,1,3,18
2019_2,1000642,100,3,10,,,10,2,1,,,,,,,5,,,,1,16
2019_2,1000224,142,6,1,,,10,1,1,1,,,,2,,7,,,,1,22
2019_2,1000595,62,3,3,,,3,1,1,,,,,1,2,,,,,1,17
2019_2,1000620,87,3,4,2,1,7,,2,1,1,3,,,,3,,,,1,24
2019_2,1000613,152,3,5,,1,15,4,1,,,,,2,,6,,,,1,27
2019_2,1000609,139,5,5,,1,14,2,1,1,,,,2,,2,,,,,42
2019_2,1000494,139,1,2,,,3,,1,,,12,,,7,65,,,,1,24
2019_2,1000589,118,2,6,,1,12,1,1,1,,,,1,,7,,,,2,23
2019_2,1000546,104,3,2,,,16,1,2,1,,,,1,,3,,,,1,13
2019_2,1000578,148,2,8,,,16,3,2,2,,,,3,,5,,,,1,22
2019_2,1000524,35,,,,,1,,1,,,,,,,,,,,1,19
2019_2,1000575,104,2,3,,3,12,2,1,1,,,,3,,6,,,,,30
2019_2,1000629,65,2,2,2,2,14,1,,,,,,1,,4,,,,,7
2019_2,1000653,95,4,4,2,1,7,1,2,1,1,,,,,4,,,,1,26
2019_2,1000277,114,5,2,2,1,10,1,,,,9,,,,24,,,,,22
2019_2,1000276,111,7,2,,,5,3,1,,1,,,,,16,,,,,22
2019_2,1000274,72,2,3,,2,7,3,2,1,1,,,1,,6,,,,,10
2019_2,1000251,127,5,4,,,14,2,,1,,,,1,,1,,,,2,29
2019_2,1000512,96,5,4,,1,12,2,,2,,,,1,,4,,,,,25
2019_2,1000599,101,2,1,,,10,2,,,,,,,,3,,,,,9
2019_2,1000637,115,5,2,,,16,3,1,2,,,,,,8,,,,,13
2019_2,1000569,160,3,3,,,15,1,1,,,,,,,11,,,,2,19
2019_2,1000627,132,7,3,2,1,21,1,,1,,,,,,11,,,,,13
2019_2,1000476,89,2,1,,,6,,1,,,,,,2,2,,,,,30
2019_2,1000466,142,2,9,,,5,1,2,1,1,,,,1,36,,,,,43
2019_2,1000475,93,3,2,,,10,,1,,,,,,,4,,,,,22
2019_2,1000442,181,5,5,1,2,23,3,2,,,,,2,,4,,,,1,27
2019_2,1000448,71,1,3,,,5,3,1,1,,8,,,,1,,,,,13
2019_2,1000434,107,2,1,,1,9,1,1,2,2,,,,,4,,,,,27
2019_2,1000425,119,3,2,,,13,4,1,,,,,2,,3,,,,1,19
2019_2,1000899,204,2,9,,,12,1,1,1,1,,,1,6,16,,,,,7
2019_2,1000955,107,6,3,,6,12,,2,1,,,,1,,9,,,,1,17
2019_2,1000347,97,5,4,1,3,9,1,1,1,,,,1,,4,,,,,18
2019_2,1000534,113,,6,,2,15,3,1,,,,,,,,,,,,20
2019_2,1000396,126,1,2,,,12,1,,,,,,2,,5,,,,1,27
2019_2,1000375,82,6,1,,,1,2,3,1,2,13,,,,2,,,,,33
2019_2,1000392,74,3,1,,,7,1,,,,,,,,1,,,,,29
2019_2,1000369,89,3,2,,1,10,1,2,1,,,,,1,,,,,,23
2019_2,1000398,121,3,1,,1,9,1,2,,2,,,,,5,,,,1,24
2019_2,1000331,177,5,4,,1,22,2,2,2,2,,,1,,1,,,,,40
2019_2,1000409,82,2,1,2,1,8,1,1,,1,1,,,,,,,,,17
2019_2,1000406,154,4,4,,1,17,3,2,1,1,,,3,,11,,,,1,26
2019_2,1000990,135,1,3,,,17,2,1,1,,,,,,11,,,,1,20
2019_2,1001008,197,5,5,,5,19,,,,,,,,1,11,,,,2,20
2019_2,1000963,221,3,5,,2,13,1,,1,,,,,1,41,,,,,15
2019_2,1000961,133,8,10,,,11,1,1,1,1,,,3,10,2,,,,3,30
2019_2,1000892,54,1,3,,,4,,1,1,1,,,,,3,,,,1,16
2019_2,1000777,147,9,6,,,10,1,1,,,,,3,,50,,,,2,19
2019_2,1000861,64,3,4,,1,5,,1,1,2,,,1,,2,,,,,18
2019_2,1000775,181,6,4,,1,17,1,,1,,,,2,,27,,,,1,40
2019_2,1000786,117,2,1,,,9,4,1,2,2,,,1,,,,,,,41
2019_2,1000741,178,2,6,,,17,1,,1,2,,,2,,7,,,,1,21
2019_2,1000801,73,3,2,,,8,1,1,,,,,1,,8,,,,,5
2019_2,1000950,191,3,9,,3,24,,1,1,2,,,1,,19,,,,1,24
2019_2,1000852,84,4,11,,1,6,,,,,1,,1,,4,,,,,25
2019_2,1000887,211,3,18,,1,12,,,,,,,1,,19,,,,1,18
2019_2,1000883,99,8,5,,,7,,,,,,,1,1,15,,,,,25
2019_2,1000877,160,1,8,,1,14,1,,,,,,2,,17,,,,1,11
2019_2,1000845,157,5,7,1,2,17,,,,,1,,1,1,14,,,,1,26
2019_2,1000949,106,2,5,,1,11,2,1,,,,,,5,12,,,,1,14
2019_2,1000874,59,1,1,,,3,1,1,1,,,,1,,5,,,,,22
2019_2,1000940,122,5,2,,,17,3,1,,,,,,,2,,,,,13
2019_2,1000908,126,5,14,,4,6,,,1,,,,,1,5,,,,,12
2019_2,1000387,121,3,3,,,10,,1,,,,,1,,3,,,,1,22
2019_2,1000992,117,,4,,1,11,2,2,2,1,,,1,,5,,,,1,28
2019_2,1000384,164,6,3,1,3,13,1,2,1,,,,1,,10,,,,1,33
2019_2,1000831,107,5,4,,2,12,1,1,,,,,,1,3,,,,,20
2019_2,1000734,160,5,4,,,18,,,,,,,2,,13,,,,1,24
2019_2,1000729,71,2,1,,1,3,1,,1,2,,,1,,8,,,,3,11
2019_2,1000693,130,6,5,,2,16,2,2,1,,,,,,8,,,,2,23
2019_2,1000825,112,2,1,,,14,2,2,,,,,2,,1,,,,,23
2019_2,1000809,88,2,2,,1,18,2,1,,,,,,,,,,,,17
2019_2,1000789,51,2,,,,6,2,1,3,3,,,,,,,,,,8
2019_2,1000827,104,3,3,,1,13,3,1,1,,,,,,6,,,,1,15
2019_2,1000757,209,2,7,,2,20,,1,2,1,,,4,,33,,,,1,31
2019_2,1000791,100,2,2,,1,20,2,,1,1,,,,,,,,,,15
2019_2,1000746,205,3,2,1,1,9,4,1,,,,,2,,104,,,,,25
2019_2,1000713,72,5,1,,3,7,2,1,,,,,,,5,,,,1,17
2019_2,1000731,93,3,1,1,2,6,,1,,,,,2,,21,,,,1,21
2019_2,1000798,81,2,1,,1,9,1,1,2,1,,,,,9,,,,,15
2019_2,1000748,105,4,2,,,10,,,1,,,,2,,4,,,,1,10
2019_2,1000830,103,5,4,,2,13,1,1,,,,,,,6,,,,,21
2019_2,1000785,135,3,6,,,15,,,,,,,1,2,14,,,,,20
2019_2,1000784,58,3,1,,,7,,1,,,,,,2,3,,,,,11
2019_2,1000701,59,1,2,,1,9,2,1,,,,,,,,,,,,23
2019_2,1000238,122,3,1,,1,11,1,2,,,,,,,1,,,,1,21
2019_2,1000131,81,1,4,,,8,2,,1,1,,,1,,7,,,,,11
2019_2,1000052,126,3,6,,,4,,1,,,,,,4,20,,,,2,23
2019_2,1000197,112,3,3,,1,14,,1,1,,,,,,6,,,,,19
2019_2,1000210,84,2,3,1,1,11,1,1,,,,,,,1,,,,1,23
2019_2,1000561,129,2,5,1,3,15,2,3,2,5,,,3,,4,,,,,20
2019_2,1000322,122,6,4,,2,15,1,1,2,2,2,,4,,10,,,,1,12
2019_2,1000537,131,4,4,,1,12,1,1,1,,,,1,,13,,,,2,18
2019_2,1000508,110,3,1,,,11,3,1,,,,,,,,,,,,9
2019_2,1000323,100,3,2,,1,13,2,1,1,1,2,,2,,3,,,,,9
2019_2,1000295,100,4,2,,,6,2,1,1,,11,,,,5,,,,1,19
2019_2,1000290,124,6,2,,,10,3,1,,1,,,,,19,,,,1,20
2019_2,1000281,150,4,2,1,3,17,4,1,,1,,,,,1,,,,1,40
2019_2,1000318,58,4,,,,8,1,1,1,,1,,1,,2,,,,,23
2019_2,1000286,154,2,5,,1,17,3,2,2,2,,,,,5,,,,,34
2019_2,1000259,106,4,1,1,,7,1,1,,1,8,,,1,4,,,,,26
2019_2,1000241,68,2,1,,,5,2,1,1,,,,,,2,,,,,16
2019_2,1000081,71,5,2,,,4,,1,,,,,1,1,5,,,,3,10
2019_2,1000010,168,7,8,12,1,7,,,,,19,,2,8,39,,,,,29
2019_2,1000009,132,8,3,,1,1,,,,,,,,24,23,,,,,34
2019_2,1000766,158,4,5,,2,17,2,1,,,,,4,,25,,,,,12
2019_2,1000680,144,6,5,2,3,19,1,,,,,,,,4,,,,,21
2019_2,1000765,91,2,3,1,1,15,2,2,1,,1,,2,,2,,,,,15
2019_2,1000833,103,4,4,,1,14,2,1,1,,,,,,5,,,,1,17
2019_2,1000832,204,3,5,,,25,,1,,,,,3,,6,,,,,37
2019_2,1000721,55,2,1,,1,4,1,,,,,,,,,,,,1,23
2019_2,1000666,77,4,3,,,11,,1,,,,,,,2,,,,,15
2019_2,1000745,211,5,2,,,11,2,1,,,,,1,1,119,,,,2,24
2019_2,1000821,210,2,4,,2,17,1,1,,,,,,1,30,,,,1,18
2019_2,1000719,133,6,2,,1,9,1,2,1,1,,,,4,13,,,,1,36
2019_2,1000795,120,5,5,,2,13,1,1,1,2,,,,,1,,,,,31
2019_2,1000728,172,5,9,,4,20,1,1,,,,,,,22,,,,1,21
2019_2,1000702,140,4,4,,1,17,1,1,,,,,,,12,,,,1,33
2019_2,1000873,134,4,5,,,8,3,1,1,,12,,2,1,12,,,,,26
2019_2,1000228,152,5,5,,2,15,1,2,,,,,,,6,,,,,34
2019_2,1000230,154,5,5,,3,13,2,3,,,,,2,,7,,,,3,20
2019_2,1000207,95,2,2,,,3,2,1,,,28,,,1,13,,,,1,17
2019_2,1000201,94,7,5,,3,14,2,1,,,,,,,5,,,,,13
2019_2,1000182,63,5,3,,1,6,2,,,,,,1,1,1,,,,,15
2019_2,1000509,49,1,1,,,5,2,1,,,,,,1,,,,,,9
2019_2,1000314,101,2,2,,2,12,1,2,,,,,,,3,,,,2,28
2019_2,1000313,105,2,3,,,15,2,1,,,3,,,1,2,,,,1,12
2019_2,1000301,122,4,1,,1,10,3,,,,,,,,,,,,,36
2019_2,1000320,94,3,3,,1,10,,2,1,1,,1,1,1,4,,,,1,19
2019_2,1000103,59,1,3,,1,2,,,,,2,,1,1,2,,,,2,12
2019_2,1000017,176,2,9,,,13,,,,,,,,5,22,,,,2,20
2019_2,1000287,105,4,3,,,11,1,2,1,1,,,,,2,,,,,23
2019_2,1000255,88,1,,,1,4,2,2,2,1,,,,,1,,,,1,14
2019_2,1000262,65,,2,,,12,2,1,1,1,,,,,,,,,,11
2019_2,1000260,117,5,2,,1,11,2,2,,,,,2,1,4,,,,,21
2019_2,1000264,99,5,2,,,12,2,2,,,3,,,1,1,,,,1,16
2019_2,1000046,137,4,6,,1,11,1,1,,,12,,,,33,,,,1,8
2019_2,1000167,135,1,1,,,16,4,1,,1,,,1,1,5,,,,1,27
2019_2,1000082,70,2,4,,,9,,1,,,,,,3,2,,,,1,16
2019_2,1000042,125,7,4,,1,13,3,3,,,,,,3,6,,,,1,10
2019_2,1000002,150,5,10,,2,9,,,,,,,1,4,33,,,,2,28
2019_2,1000001,204,6,4,,,3,1,1,1,2,,,,40,63,,,,,45
2019_2,1000033,122,5,4,,1,11,,2,1,2,,,1,5,15,,,,3,11
2019_2,1000070,185,10,7,,,4,,1,,,,,,7,23,,,,2,33
2019_2,1000068,140,5,6,,,10,,1,2,2,,,1,,27,,,,2,22
2019_2,1000121,134,5,6,,3,18,1,1,,,,,1,4,4,,,,2,16
2019_2,1000155,91,6,7,,,3,2,,,,5,,2,3,6,,,,1,28
2019_2,1000096,138,4,3,5,2,10,1,1,2,1,36,,,3,23,,,,5,17
2019_2,1000115,111,5,12,,1,11,,,,,,,2,1,6,,,,3,16
2019_2,1000023,147,3,5,,,17,,1,,,,,1,2,13,,,,1,17
2019_2,1000075,117,4,4,,,14,1,2,1,1,6,,1,,14,,,,1,20
2019_2,1000034,139,4,5,,1,15,3,4,1,1,,,,,7,,,,2,14
2019_2,1000100,168,4,4,,1,19,1,1,,,,,2,,11,,,,,13
2019_2,1000099,129,4,2,1,2,13,3,1,,,,,,2,4,,,,2,23
2019_2,1000176,120,3,3,,2,19,,,1,,,,,,7,,,,,17
2019_2,1000149,61,4,,,,4,4,3,2,1,,,,1,2,,,,,13
2019_2,1000147,58,3,1,,,4,2,2,1,1,,,,2,,,,,,7
2019_2,1000137,160,5,8,,2,13,2,3,2,1,,,1,1,29,,,,1,19
2019_2,1000134,124,4,3,,,17,2,2,,,,,1,,5,,,,,23
2019_2,1000055,104,6,7,6,1,12,,,,,,,1,,9,,,,1,17
2019_2,1000054,72,3,5,,,4,1,1,,1,,,,,5,,,,,21
2019_2,1000090,154,4,4,,1,14,,2,1,1,,,2,,5,,,,1,46
2019_2,1000174,91,3,2,,4,13,1,,,,,,,,4,,,,,17
2019_2,1000986,192,2,8,,8,27,1,,1,,,,,,22,,,,1,27
2019_2,1000648,84,2,2,,2,6,1,1,,,,,1,,4,,,,1,18
2019_2,1000623,89,2,1,,,7,3,2,1,2,,,,1,,,,,,19
2019_2,1000565,67,1,,,,5,1,2,,,,,,,3,,,,,22
2019_2,1000222,136,4,4,,1,13,2,1,,,,,1,,7,,,,1,22
2019_2,1000615,165,4,5,,1,16,4,1,,,,,2,,4,,,,,39
2019_2,1000593,103,1,2,,1,12,2,2,,2,,,,,1,,,,1,20
2019_2,1000564,127,3,1,,,8,,1,,,,,,,6,,,,,9
2019_2,1000400,149,5,4,,1,15,6,2,2,2,,,1,,5,,,,1,27
2019_2,1000422,66,1,1,,,7,1,,2,,,,,,3,,,,1,12
2019_2,1000587,85,2,4,,,8,3,2,2,1,,,1,,4,,,,1,10
2019_2,1000503,94,2,4,,,8,1,1,,,,,,1,11,,,,,22
2019_2,1000498,118,1,3,,,14,1,1,,,,,,,4,,,,1,24
2019_2,1000640,91,3,3,,,8,3,1,,,,,,,1,,,,1,14
2019_2,1000638,148,4,5,,,19,2,2,2,,,,,,11,,,,2,27
2019_2,1000520,64,4,2,,,5,1,1,2,1,,,1,,2,,,,,17
2019_2,1000553,68,,1,,1,12,1,1,1,,,,,,2,,,,,9
2019_2,1000515,86,4,2,,,10,1,,,,,,,1,1,,,,,17
2019_2,1000485,91,3,3,,,7,,,1,,,,,2,9,,,,2,18
2019_2,1000656,142,4,7,,2,16,1,1,,,,,,,1,,,,,39
2019_2,1000651,86,1,1,,,11,2,1,,,,,,,9,,,,1,16
2019_2,1000356,60,2,,,,8,,2,1,,,,,1,,,,,,19
2019_2,1000479,77,3,,,,4,1,2,,,,,,,1,,,,1,26
2019_2,1000646,46,3,,,,4,1,,,,,,,,,,,,,16
2019_2,1000457,66,3,2,,,5,1,,2,,,,,,1,,,,,26
2019_2,1000435,112,6,4,,,12,1,1,,,8,,,,6,,,,,21
2019_2,1000403,153,3,3,,3,19,4,2,,,,,3,,7,,,,1,25
2019_2,1000900,108,10,11,,,6,1,,1,,,,2,1,8,,,,1,24
2019_2,1000866,77,5,6,,,2,,1,1,,,,1,1,3,,,,,19
2019_2,1000898,135,2,10,,4,5,,,,,,,1,1,12,,,,,9
2019_2,1000862,115,5,6,,1,11,,1,,,,,1,,12,,,,2,16
2019_2,1000421,107,2,4,1,3,16,4,1,1,1,,,1,,2,,,,,18
2019_2,1000533,134,2,6,,1,12,1,2,1,,,,,1,6,,,,1,20
2019_2,1000420,84,4,2,2,2,12,3,,,,,,1,,3,,,,,16
2019_2,1000419,118,2,2,,,19,2,1,,,,,,,2,,,,,24
2019_2,1000374,91,4,3,,1,9,1,1,1,,,,1,,3,,,,,37
2019_2,1000373,59,4,2,,1,5,2,1,,,13,,,,4,,,,,10
2019_2,1000339,246,5,5,,3,24,3,1,,,,,2,,13,,,,1,36
2019_2,1000414,73,2,2,,1,7,2,1,,,,,,,1,,,,1,17
2019_2,1000367,22,,,,,,,,,1,,,,,1,,,,1,8
2019_2,1000335,119,5,2,,2,18,1,1,1,1,2,,,,7,,,,1,13
2019_2,1000363,88,6,3,,,6,2,,,,,,,,3,,,,1,39
2019_2,1000361,83,4,2,,4,7,1,1,,,,,,,,,,,,19
2019_2,1000408,86,4,2,,,11,2,3,2,,,,1,,3,,,,,22
2019_2,1000383,128,4,1,,1,10,2,2,1,1,,,,,15,,,,2,27
2019_2,1000985,78,2,1,,,7,2,,2,1,,,4,,,,,,,17
2019_2,1000711,100,5,2,,3,11,3,1,,,,,,,5,,,,1,23
2019_2,1000687,91,4,4,2,3,7,1,1,,,,,,,18,,,,,19
2019_2,1000779,93,3,3,1,1,14,2,2,1,,1,,2,1,5,,,,,14
2019_2,1000925,164,3,8,,2,15,1,1,,1,,,2,3,8,,,,2,10
2019_2,1000960,102,5,3,,6,9,1,1,1,,,,1,,13,,,,1,17
2019_2,1000776,154,6,4,,1,17,,2,1,1,,,1,,33,,,,1,25
2019_2,1000958,168,9,13,,6,15,1,1,1,,,,10,,16,,,,2,22
2019_2,1000689,116,4,4,,1,9,2,1,1,,,,1,,5,,,,1,21
2019_2,1000774,97,4,1,1,1,6,,1,1,1,,,1,,16,,,,1,26
2019_2,1000768,143,2,5,1,3,23,3,2,1,,,,,,15,,,,1,21
2019_2,1000742,86,,,,,3,,1,1,1,,,,1,6,,,,,20
2019_2,1000804,138,3,5,,1,14,,1,,,,,1,,17,,,,,21
2019_2,1000802,121,3,3,,,11,,1,,,,,1,,9,,,,2,10
2019_2,1000889,96,8,9,,1,7,,1,1,,,,,,9,,,,,21
2019_2,1000880,135,3,5,,,11,1,,1,,1,,1,,13,,,,1,31
2019_2,1000946,79,4,3,,1,7,1,1,1,1,,,1,,8,,,,,10
2019_2,1000872,177,6,10,,1,18,1,1,1,1,,,2,,5,,,,2,25
2019_2,1000840,89,3,1,,,13,2,,,,,,1,,7,,,,,15
2019_2,1000966,124,3,3,,2,17,,1,1,1,,,1,2,4,,,,1,16
2019_2,1000904,149,3,11,,4,15,1,,2,,,,,1,26,,,,,26
2019_2,1000977,107,5,2,,3,16,1,1,1,1,,,,,4,,,,,26
2019_2,1001009,158,5,4,,4,18,1,1,1,1,,,,1,10,,,,1,23
2019_2,1001000,171,7,8,,5,17,3,1,,,,,1,,21,,,,1,17
2019_2,1000753,196,7,3,,1,21,2,3,,,,,3,,11,,,,,26
2019_2,1000722,112,2,1,1,2,12,3,1,1,1,,,,,8,,,,1,30
2019_2,1000677,45,3,2,,,4,2,2,1,2,,,,,,,,,,10
2019_2,1000696,84,4,6,,3,6,4,1,,,1,,1,,,,,,,32
2019_2,1000835,107,4,,1,1,10,5,1,2,,,,1,,,,,,,19
2019_2,1000670,161,2,19,,,13,,1,,,,,,1,9,,,,2,37
2019_2,1000755,119,5,8,,2,9,1,1,,,,,1,1,7,,,,1,17
2019_2,1000678,154,7,7,2,3,23,1,1,,,,,,,2,,,,,18
2019_2,1000759,102,3,1,1,1,7,4,1,,,1,,,,16,,,,1,24
2019_2,1000660,103,7,3,,3,13,1,2,2,1,,,,1,1,,,,,21
2019_2,1000659,111,6,1,,3,9,1,1,1,,,,1,,16,,,,,24
2019_2,1000682,119,4,3,1,,14,,1,1,,,,,,5,,,,,19
2019_2,1000747,112,4,2,,,11,,1,1,,,,1,,4,,,,1,14
2019_2,1000697,89,3,4,,2,11,2,2,,,,,,,9,,,,,20
2019_2,1000820,200,5,4,,3,15,1,,,,,,,1,28,,,,1,20
2019_2,1000662,38,1,,,,2,,2,1,,,,,,,,,,,10
2019_2,1000905,117,1,2,,1,5,1,1,,,,,1,5,20,,,,,2
2019_2,1000783,113,2,3,1,1,15,4,1,1,,,,2,,1,,,,,15
2019_2,1000718,81,3,2,,,7,1,1,1,2,,,,,12,,,,,17
2019_2,1000247,91,5,1,,1,8,3,1,1,,,,1,,5,,,,,9
2019_2,1000236,70,1,2,,,6,2,2,,,,,,,3,,,,,13
2019_2,1000234,96,4,3,,,11,1,,,,,,,,5,,,,1,22
2019_2,1000218,97,1,2,,,14,2,,,,,,,,10,,,,1,10
2019_2,1000217,63,1,,,2,5,2,2,2,3,,,1,,,,,,,18
2019_2,1000194,101,4,1,,,15,2,1,,,3,,,1,7,,,,1,15
2019_2,1000211,106,2,1,,1,16,,1,1,,,,1,,2,,,,4,28
2019_2,1000177,98,3,1,,4,10,3,2,1,1,,,,,4,,,,,22
2019_2,1000312,145,6,2,1,2,17,2,1,1,1,,,1,,5,,,,,29
2019_2,1000282,136,2,4,,,10,3,,4,3,7,,2,1,11,,,,1,27
2019_2,1000279,85,2,1,,,4,2,1,1,1,28,,1,4,3,,,,,16
2019_2,1000256,102,1,1,1,,10,2,1,1,1,7,,1,1,3,,,,,20
2019_2,1000016,195,7,4,,,10,3,1,1,1,7,,,17,41,,,,1,32
2019_2,1000086,94,5,1,,,7,3,1,,,,,1,,2,,,,2,30
2019_2,1000245,152,4,2,,2,21,2,1,,,,,1,,6,,,,1,21
2019_2,1000019,147,5,9,,1,8,1,,1,1,,,2,2,25,,,,1,22
2019_2,1000173,65,4,,,1,10,2,1,,,,,,,,,,,,13
2019_2,1000128,78,2,3,,1,3,2,2,2,1,4,,,4,17,,,,2,16
2019_2,1000172,90,2,2,,1,10,3,1,,,,,,,5,,,,,13
2019_2,1000123,148,2,4,,,16,3,2,,,,,1,,2,,,,1,39
2019_2,1000120,100,3,7,,,8,1,1,1,1,2,,2,2,4,,,,2,20
2019_2,1000141,74,2,2,,,7,1,2,1,1,,,,2,2,,,,1,12
2019_2,1000030,157,5,6,,,15,1,3,1,2,,,1,5,20,,,,3,16
2019_2,1000111,89,1,1,,,12,1,1,,,,,,1,9,,,,,11
2019_2,1000110,110,3,15,,,14,1,1,1,1,,,1,1,8,,,,2,11
2019_2,1000116,73,2,4,,,6,,,,,2,,2,1,4,,,,1,12
2019_2,1000163,130,2,3,,,19,1,,,,,,1,,2,,,,,28
2019_2,1000022,115,2,3,,,10,1,,,,,,2,3,17,,,,2,11
2019_2,1000058,82,7,2,,,4,1,2,,,,,2,,4,,,,1,22
2019_2,1000153,101,7,3,,,7,,,1,1,,,1,,11,,,,1,16
2019_2,1000158,170,6,5,,1,21,3,2,,,,,,1,9,,,,,20
2019_2,1000056,184,10,7,,,16,1,1,1,1,,,,,22,,,,2,35
2019_2,1000482,128,4,4,,,12,,1,1,,,,,,7,,,,2,26
2019_2,1000583,46,2,1,,,2,1,,1,,,,,,,4,,,,18
2019_2,1000621,72,,,,1,4,3,1,1,,,,,,1,,,,,26
2019_2,1000424,89,4,2,,,7,3,2,2,1,,,,,1,,,,1,20
2019_2,1000381,86,1,1,,1,6,1,2,1,,,,2,,,,,1,1,14
2019_2,1000611,162,3,5,,1,16,3,,,,1,,2,,5,,,,2,34
2019_2,1000379,151,7,5,,4,11,2,3,,,,,,,4,,,,2,35
2019_2,1000377,96,4,4,,2,8,3,2,,,,,1,,2,,,,,17
2019_2,1000556,130,2,2,,1,10,,1,,,,,,,7,,,,1,37
2019_2,1000522,143,3,8,,1,10,5,3,,3,,,1,,10,,,,1,22
2019_2,1000579,133,2,7,,1,17,3,2,,,,,2,,4,,,,1,24
2019_2,1000527,74,2,2,,1,10,2,1,,,,,,,4,,,,1,14
2019_2,1000496,70,,,,,3,,,,,,,,4,17,,,,1,14
2019_2,1000630,71,2,2,,,9,,1,,,,1,1,,4,,,,,15
2019_2,1000571,92,1,,,,8,3,2,1,1,,,1,,,,,,,39
2019_2,1000628,65,4,3,2,2,14,,1,,,,,1,,4,,,,,10
2019_2,1000518,53,3,,,,7,2,2,,,,,1,,,,,,1,14
2019_2,1000490,109,3,3,,,12,1,2,2,1,,,,,9,,,,1,22
2019_2,1000487,100,6,,,,6,2,1,3,3,17,,,1,6,,,,1,24
2019_2,1000549,63,3,1,,,8,1,,1,,,,,,1,,,,,12
2019_2,1000602,100,1,3,,1,9,1,2,1,,,,,,3,,,,2,17
2019_2,1000601,84,3,1,,,4,3,2,,,,,,,1,,,,,28
2019_2,1000636,78,4,8,,,3,2,2,,1,,,1,,2,,,,1,25
2019_2,1000357,56,1,2,,,6,,1,,,,,1,,1,,,,,19
2019_2,1000647,48,1,1,,,2,1,,,,,,,,,,,,1,17
2019_2,1000472,109,7,6,,,9,,2,1,,,,,,5,,,,1,18
2019_2,1000461,174,5,10,,,16,4,2,,,,,1,1,4,,,,3,33
2019_2,1000480,107,8,3,,,9,2,2,2,2,,,1,1,12,,,,1,36
2019_2,1000619,123,3,3,,1,12,1,1,1,,1,,2,1,4,,,,1,30
2019_2,1000459,375,7,8,,,19,2,2,2,1,18,,,1,50,,,,3,64
2019_2,1000453,87,3,2,,,6,1,1,1,,6,,,,4,,,,,29
2019_2,1000443,53,1,,,1,7,2,1,1,1,,,,,,,,,2,13
2019_2,1000449,126,4,4,,,20,3,2,2,1,,,2,,3,,,,,22
2019_2,1000426,53,3,,,,6,1,1,1,,,,,1,2,,,,1,3
2019_2,1000928,50,3,,,,4,2,2,1,2,,,,,4,,,,,20
2019_2,1000864,79,3,7,,,9,1,1,,,,,1,,3,,,,,18
2019_2,1000863,119,4,7,,,13,2,1,1,1,,,1,,10,,,,,24
2019_2,1000372,77,3,2,,,9,1,1,,,,,,,,,,,,21
2019_2,1000412,122,4,6,1,4,15,1,,1,,,,,,4,,,,,21
2019_2,1000606,108,5,1,,,5,3,1,,,4,,2,2,2,,,,,17
2019_2,1000989,151,2,6,,2,23,1,1,2,1,,,,1,12,,,,1,24
2019_2,1000688,99,7,5,,1,6,3,,,,,,,,9,,,,2,20
2019_2,1000926,149,6,11,,1,13,1,,1,1,,,1,3,10,,,,2,13
2019_2,1000895,75,1,3,,1,5,2,1,,1,,,,,4,,,,,21
2019_2,1000894,144,3,7,,3,11,,,,,,,,1,27,,,,1,12
2019_2,1000860,108,2,7,,1,9,,,,,1,,1,1,10,,,,1,29
2019_2,1000692,107,3,2,1,1,16,3,2,,,,,1,,4,,,,,25
2019_2,1000932,95,1,6,,,4,1,1,2,1,,,1,,22,,,,,20
2019_2,1000956,113,3,3,,,7,3,3,2,1,,,,1,13,,,,,21
2019_2,1000951,128,4,6,,4,15,1,1,,,,,,1,23,,,,,12
2019_2,1000879,121,10,5,,3,9,,2,,,,,2,,7,,,,1,37
2019_2,1000884,89,1,,,,7,,,1,2,,,2,,9,,,,,25
2019_2,1000878,133,3,5,,1,6,1,,,1,,,2,,23,,,,,24
2019_2,1000888,304,,18,,3,19,,,,,,,,,24,,,,2,19
2019_2,1000390,87,2,1,1,1,12,1,1,1,1,1,,1,,1,,,,,14
2019_2,1000839,157,5,2,,,18,1,1,,2,,,2,,49,,,,,26
2019_2,1000882,101,5,5,,,8,3,,,1,1,,,,10,,,,1,22
2019_2,1000389,102,1,2,1,1,10,5,2,1,1,,,,,1,,,,,15
2019_2,1000388,106,2,1,,,14,,1,,,,,,,1,,,,,27
2019_2,1000386,133,2,4,,2,14,1,1,1,,,,1,,3,,,,1,16
2019_2,1000993,136,13,8,,2,9,2,1,1,1,,,1,10,5,,,,3,35
2019_2,1000737,121,3,3,,1,11,2,2,3,3,,,,,13,,,,1,33
2019_2,1000826,83,2,2,,,9,2,,1,1,,,1,,2,,,,,21
2019_2,1000815,203,1,2,,1,17,,2,,,,,1,1,33,,,,1,20
2019_2,1000717,79,2,2,,1,10,4,1,,,,,2,,3,,,,,18
2019_2,1000800,93,3,3,,,10,2,,1,2,,,1,,4,,,,,11
2019_2,1000822,56,4,1,,,5,1,1,,,,,,2,4,,,,1,8
2019_2,1000751,62,3,,,,4,2,2,,,,,4,,3,,,,,12
2019_2,1000760,84,2,2,,,3,2,2,1,,3,,,,14,,,,1,18
2019_2,1000684,99,4,6,,1,5,1,1,,,,,,1,5,,,,3,24
2019_2,1000814,89,3,2,,,5,,,,,,,1,,3,,,,2,12
2019_2,1000675,107,5,3,,3,8,1,2,1,,,,1,,9,,,,,37
2019_2,1000708,107,3,3,,2,14,1,1,,,,,,,8,,,,2,22
2019_2,1000807,129,2,3,,1,20,3,2,2,1,,,,,,,,,,33
2019_2,1000664,83,5,1,1,,9,,2,,,,,,1,2,,,,,12
2019_2,1000909,170,5,14,,1,12,,,1,1,,,2,5,11,,,,1,12
2019_2,1000876,79,8,8,,,3,,1,1,1,,,1,1,5,,,,,18
2019_2,1000160,75,4,4,,,4,2,,1,1,,,1,,9,,,,,15
2019_2,1000235,115,3,3,,1,12,2,1,2,1,,,,,6,,,,1,20
2019_2,1000225,91,2,,,1,7,2,1,1,2,,,2,,5,,,,1,22
2019_2,1000209,77,3,3,1,2,9,2,1,,,,,2,2,5,,,,,16
2019_2,1000205,100,6,4,,4,12,3,2,,,,,,2,7,,,,,12
2019_2,1000186,126,4,6,,3,13,1,1,,,,,1,1,6,,,,1,17
2019_2,1000184,121,3,4,,,15,3,2,2,2,28,,1,,,,,,,12
2019_2,1000183,98,1,3,,1,4,,1,1,1,19,,,,19,,,,,19
2019_2,1000586,77,2,2,,1,9,4,1,2,1,,,1,,4,,,,1,6
2019_2,1000321,83,4,2,,1,5,2,2,,,,,2,,4,,,,,24
2019_2,1000536,62,2,,,1,,,2,1,,,,,,6,,,,1,14
2019_2,1000327,149,6,5,,2,14,1,,,,,,,,5,,,,1,21
2019_2,1000316,63,1,2,,1,11,2,,1,,,,,,,,,,,14
2019_2,1000298,134,4,5,,,14,4,2,,,1,,,,2,,,,,34
2019_2,1000300,111,3,1,,1,12,5,2,1,1,,,1,,1,,,,,18
2019_2,1000267,59,,2,,,8,,1,1,1,,,,,,,,,,14
2019_2,1000273,115,4,5,,,9,1,,,2,10,,,,1,,,,,26
2019_2,1000261,105,2,3,,1,10,1,,,,,,,,1,,,,1,23
2019_2,1000239,157,3,2,,3,23,4,2,1,,,,2,1,2,,,,,24
2019_2,1000048,171,8,10,,,9,1,,,,,,1,6,19,,,,1,16
2019_2,1000047,189,5,7,,,10,1,1,,,12,,,4,43,,,,4,16
2019_2,1000045,179,7,5,,,4,2,3,,1,3,,,7,56,,,,1,16
2019_2,1000168,125,3,3,1,1,9,2,2,2,2,42,,1,5,27,,,,,9
2019_2,1000132,112,6,3,,,11,1,1,,,,,2,,6,,,,,18
2019_2,1000008,137,8,3,,1,1,,,1,1,,,,21,27,,,,,37
2019_2,1000006,221,6,4,,,3,1,1,2,2,,,,42,68,,,,,42
2019_2,1000079,105,6,12,,,7,,1,,,,,,4,5,,,,3,16
2019_2,1000078,64,2,4,,,8,,1,,1,,,,2,2,,,,1,16
2019_2,1000041,127,4,3,,,8,2,1,1,1,,,,5,24,,,,3,12
2019_2,1000039,463,15,39,2,1,29,1,1,,,1,1,,35,41,,,,2,36
2019_2,1000171,53,3,1,,1,9,3,,,,,,,,2,,,,1,12
2019_2,1000170,113,4,9,,2,6,,1,,,,,1,3,21,,,,2,18
2019_2,1000025,119,11,2,,1,10,1,1,1,1,,,,5,2,,,,1,32
2019_2,1000142,148,4,9,,2,11,2,,,,,1,1,,23,,,,1,19
2019_2,1000097,110,5,1,,,6,3,2,,1,,,2,,,,,,1,35
2019_2,1000187,84,3,3,,,13,3,2,,2,,,,,2,,,,1,18
2019_2,1000094,67,2,3,,,8,3,1,1,,,,,,2,,,,3,11
2019_2,1000166,145,2,3,,,18,1,2,,1,,,1,1,4,,,,1,26
2019_2,1000164,81,4,2,,,7,4,2,1,1,,,,4,1,,,,,10
2019_2,1000065,96,6,7,,,8,2,1,1,1,,,1,5,2,,,,1,29
2019_2,1000152,114,7,7,,1,10,1,1,3,2,,,1,,12,,,,2,17
2019_2,1000093,82,7,2,,,7,4,1,,,,,,3,3,,,,1,17
2019_2,1000156,147,7,3,,1,16,1,2,2,3,,,1,,5,,,,1,36
2019_1,1000062,137,8,4,4,1,15,1,1,,,7,,,3,19,,,,,22
2019_1,1000668,96,3,6,,1,3,2,1,1,,,,,,7,,,,1,40
2019_1,1000744,120,8,4,,,7,,1,1,1,,,3,,28,,,,,27
2019_1,1000797,75,3,2,,1,11,1,1,1,,,,,,3,,,,,15
2019_1,1000823,110,4,3,,1,13,1,1,,,,,,,10,,,,,18
2019_1,1000808,76,,2,,,13,2,,1,1,,,,,,,,,,22
2019_1,1000788,149,6,6,,,13,2,1,,,,,2,5,10,,,,1,25
2019_1,1000679,115,3,6,2,3,13,1,,,,,,,,4,,,,1,23
2019_1,1000758,92,2,,,,9,3,,,,,,,,12,,,,1,18
2019_1,1000720,88,4,2,,2,8,2,1,,1,,,,4,3,,,,1,24
2019_1,1000698,128,2,6,2,3,19,3,1,1,,,,,,9,,,,,24
2019_1,1000829,161,6,4,,3,17,1,1,,,,,,1,22,,,,1,29
2019_1,1000817,153,4,3,,,16,3,1,,,,,2,,36,,,,,31
2019_1,1000806,105,3,1,,,7,1,1,,,,,1,,52,,,,,23
2019_1,1000673,133,5,7,,4,12,1,2,1,,,,1,,7,,,,,42
2019_1,1000818,53,2,1,,,2,2,,1,2,,,,,6,,,,,17
2019_1,1000159,148,6,8,,2,20,3,2,2,1,,,,,13,,,,1,14
2019_1,1000219,62,3,,,,7,2,,,,,,,,5,,,,1,11
2019_1,1000216,78,2,1,,3,10,2,,,,,,,,2,,,,,19
2019_1,1000227,68,2,,,,6,1,1,1,,,,,,2,,,,,11
2019_1,1000226,123,4,1,,1,11,,,1,,,,,,1,,,,1,22
2019_1,1000229,125,4,2,,1,13,3,2,,,,,1,,2,,,,,29
2019_1,1000203,112,4,3,,,12,2,1,1,2,26,,,,3,,,,1,20
2019_1,1000214,99,7,2,,2,16,2,1,1,,,,,,2,,,,,15
2019_1,1000206,63,5,1,,,4,3,1,1,1,,,,2,4,,,,,17
2019_1,1000198,128,2,4,,3,15,2,1,,,,,,,6,,,,,20
2019_1,1000185,86,2,1,,2,10,1,2,1,1,,,1,,1,,,,,23
2019_1,1000179,78,3,1,,1,6,1,1,1,,31,,,,3,,,,1,7
2019_1,1000585,45,4,1,,1,4,1,2,1,1,3,,1,,,,,,,4
2019_1,1000299,60,3,,,,1,,,2,1,13,,,1,2,,,,,15
2019_1,1000324,217,4,5,,3,18,1,,1,1,3,,2,,16,,,,1,25
2019_1,1000315,100,3,3,,1,17,2,1,,,,,,,8,,,,,19
2019_1,1000294,77,4,4,,2,8,2,1,,,,,1,,2,,,,1,12
2019_1,1000307,95,3,,,,7,3,4,1,,,,2,2,,,,,,38
2019_1,1000306,160,5,4,,,13,4,1,2,2,7,,3,2,16,,,,1,31
2019_1,1000305,83,2,3,,2,7,5,1,,1,,,1,,1,,,,1,13
2019_1,1000302,134,7,2,,,11,1,1,,,,,,,4,,,,,34
2019_1,1000278,141,3,6,,,14,2,1,1,1,20,,1,,6,,,,1,27
2019_1,1000018,147,4,6,,,11,1,,,1,,,1,4,13,,,,2,22
2019_1,1000257,82,5,1,,2,8,2,1,1,,,,1,,2,,,,,18
2019_1,1000266,68,1,,,,5,2,1,,,,,,2,,,,,,28
2019_1,1000246,77,3,1,,1,11,3,1,,,,,1,,3,,,,,9
2019_1,1000146,78,3,2,,,5,3,2,1,1,,,,4,,,,,,13
2019_1,1000007,194,8,4,,,3,1,1,1,2,,,,37,42,,,,,43
2019_1,1000129,103,4,4,,1,8,3,,1,1,,,2,4,7,,,,,18
2019_1,1000143,120,2,6,,2,10,1,2,,,,,1,,26,,,,1,11
2019_1,1000061,84,6,,,,6,,1,2,2,,,,4,3,,,,,27
2019_1,1000112,111,4,4,,1,10,,,,,,,,1,12,,,,,18
2019_1,1000617,78,3,1,,1,10,2,,,,,,,,3,,,,,15
2019_1,1000248,167,1,3,,1,17,2,1,,,,,1,,5,,,,1,27
2019_1,1000566,137,3,3,,,8,1,2,,,,,,,9,,,,2,21
2019_1,1000641,104,1,2,,,11,2,2,,,,,,,4,,,,1,18
2019_1,1000607,106,8,5,1,1,10,,,,2,1,,1,1,7,,,,,22
2019_1,1000633,84,6,5,2,1,11,,2,1,,,,,,7,,,,,14
2019_1,1000591,110,3,3,,3,10,3,1,,2,,,1,,3,,,,1,20
2019_1,1000423,53,3,,,,3,2,1,3,1,,,,,1,,,,1,13
2019_1,1000401,148,2,3,1,1,14,3,2,1,2,,,2,,4,,,,1,28
2019_1,1000349,123,6,4,1,3,11,1,,,,,,,,5,,,,,24
2019_1,1000523,69,1,2,,,9,2,1,1,2,,,,,2,,,,,9
2019_1,1000590,45,2,2,,,1,1,1,1,,,,7,,,4,,,,19
2019_1,1000588,102,3,4,1,,18,2,,1,1,,,1,,8,,,,,11
2019_1,1000353,107,3,3,,,11,3,2,,,,,1,,6,,,,1,15
2019_1,1000577,104,2,5,,1,10,2,2,1,,,,2,,3,,,,1,19
2019_1,1000576,79,2,2,,,7,2,1,1,,,,,1,3,,,,1,21
2019_1,1000560,106,1,2,,2,12,2,,1,2,,,,,4,,,,,13
2019_1,1000495,157,3,3,,,5,1,1,,,,,1,5,70,,,,2,22
2019_1,1000574,102,,5,,2,8,1,1,1,,,,1,,4,,,,1,24
2019_1,1000554,212,3,3,,1,22,2,,,,,,,,10,,,,2,20
2019_1,1000552,105,1,2,,1,18,3,1,1,,,,,,1,,,,,11
2019_1,1000269,170,1,5,,1,14,2,2,,,,,2,,16,,,,1,24
2019_1,1000548,74,3,1,,1,6,2,3,1,,,,,,5,,,,,4
2019_1,1000511,107,7,3,,1,16,1,1,1,1,,,,,2,,,,,17
2019_1,1000658,91,1,1,,,15,3,2,1,2,,,1,,2,,,,,21
2019_1,1000233,121,3,3,,,13,2,2,1,,,,,,6,,,,1,26
2019_1,1000603,68,2,1,,,5,4,1,2,,,,1,,2,,,,,12
2019_1,1000650,126,1,4,,2,18,2,,,,1,,1,,3,,,,1,17
2019_1,1000463,93,3,2,,,3,,1,,,12,,1,,8,,,,1,26
2019_1,1000624,82,1,3,,1,6,1,1,2,,,,2,1,2,,,,,28
2019_1,1000471,110,10,7,,,11,1,1,,,,,,,6,,,,,22
2019_1,1000447,106,5,4,,,8,1,4,1,,9,,1,,12,,,,,21
2019_1,1000437,82,3,4,,,4,5,3,2,2,10,,1,,9,,,,,12
2019_1,1000427,55,3,,,,5,2,1,2,,,,,,2,,,,1,4
2019_1,1000929,136,3,1,,,8,1,1,1,1,,,,8,17,,,,,13
2019_1,1000346,120,4,1,,,9,2,1,1,,,,1,2,,,,,,53
2019_1,1000376,91,4,1,,,14,3,2,,,,,,,,,,,,29
2019_1,1000337,139,7,4,,2,18,2,1,1,1,3,,4,,10,,,,1,21
2019_1,1000332,102,5,3,,1,12,1,1,1,1,,,1,,3,,,,,18
2019_1,1000358,91,1,4,,2,10,,1,1,,,,1,,3,,,,1,28
2019_1,1000988,93,2,4,,1,14,3,1,1,,,,,,6,,,,1,20
2019_1,1000686,82,5,6,,,7,2,1,,,,,,3,2,,,,1,17
2019_1,1000981,137,2,5,,1,14,2,2,,,,,1,,9,,,,1,17
2019_1,1000743,148,4,8,,1,15,1,1,,,,,1,1,9,,,,2,18
2019_1,1000891,71,3,1,,1,7,1,2,,1,,,,,3,,,,,21
2019_1,1000773,164,4,2,1,2,15,1,1,2,1,,,,1,17,,,,2,29
2019_1,1000772,144,3,3,,1,14,,,,,,,1,1,14,,,,1,24
2019_1,1000944,96,2,3,,1,15,,1,,,,,1,,13,,,,,11
2019_1,1000954,266,3,11,,1,34,1,2,,1,,,4,,32,,,,,19
2019_1,1000952,110,4,6,,4,12,2,1,,,,,2,2,9,,,,,15
2019_1,1000924,160,4,9,,,16,1,1,,,,,2,1,13,,,,3,8
2019_1,1000923,142,3,16,,1,10,,,,,,,1,,41,,,,,16
2019_1,1000851,74,1,3,,,6,2,1,1,1,,,1,1,5,,,,,21
2019_1,1000947,97,2,2,,1,8,3,,,,,,1,4,16,,,,,11
2019_1,1001006,96,5,1,,,11,4,2,1,,,,,,,,,,,24
2019_1,1000854,91,1,3,,,8,1,,,1,,,2,,7,,,,,24
2019_1,1000843,60,3,1,,,8,3,1,1,2,,,,,2,,,,,10
2019_1,1000941,122,3,5,,,12,2,2,1,1,,,2,1,1,,,,2,22
2019_1,1000385,133,2,1,,2,14,1,1,,,1,,,,5,,,,2,42
2019_1,1000699,92,1,2,,,13,3,2,,,,,1,,1,,,,,26
2019_1,1000730,102,1,2,1,2,8,1,1,,1,,,1,,21,,,,,22
2019_1,1000705,86,2,2,,1,7,3,1,,1,,,1,,11,,,,,20
2019_1,1000812,161,4,3,,3,23,4,2,,1,,,3,,7,,,,1,30
2019_1,1000824,202,3,6,,3,25,1,1,,,,,3,,9,,,,1,31
2019_1,1000667,92,6,1,,2,11,1,2,2,1,,,,1,1,,,,,21
2019_1,1000752,90,5,5,,1,8,2,2,,,,,1,1,10,,,,,14
2019_1,1000750,50,1,,,,2,,1,1,,,,2,,1,,,,,15
2019_1,1000683,94,2,3,,,13,2,2,1,1,,,2,,,,,,,29
2019_1,1000767,152,4,4,,2,17,4,2,,,,,3,,22,,,,,24
2019_1,1000764,98,2,3,1,1,15,1,2,,,,,2,,6,,,,1,16
2019_1,1000763,101,2,4,1,1,15,1,2,,,,,2,,2,,,,1,17
2019_1,1000733,193,2,5,,1,23,1,,,,,,3,,19,,,,1,21
2019_1,1000796,117,4,3,,1,15,1,,,,,,,,9,,,,,19
2019_1,1000794,49,2,,,,5,1,1,,,,,1,,,,,,,9
2019_1,1000707,108,2,2,,2,14,3,2,1,,,,,,7,,,,2,19
2019_1,1000674,112,5,4,,2,16,1,2,1,1,,,,1,2,,,,,27
2019_1,1000805,67,2,,,,1,1,1,,2,,,,,46,,,,,7
2019_1,1000663,90,4,1,1,,8,,2,1,,,,,1,2,,,,,18
2019_1,1000672,123,6,7,,2,17,,1,1,,,,,,5,,,,,27
2019_1,1000671,144,10,6,1,2,19,,1,,,,,,,7,,,,,20
2019_1,1000782,93,2,3,1,1,13,2,1,1,,,,2,,1,,,,,12
2019_1,1000237,150,3,3,,1,15,3,2,,,,,,,1,,,,1,25
2019_1,1000221,134,4,1,,,20,2,,,,9,,,,20,,,,1,17
2019_1,1000195,58,7,2,,,3,,1,1,,,,,,,,,,,9
2019_1,1000208,97,3,2,1,1,3,1,1,2,2,51,,,4,6,,,,,12
2019_1,1000212,100,6,4,,4,12,2,1,,,,,,2,10,,,,1,12
2019_1,1000200,123,1,3,,5,17,2,2,,,,,,,6,,,,,23
2019_1,1000193,129,7,2,1,2,11,1,,1,1,,,,,9,,,,1,32
2019_1,1000538,61,2,,,,4,1,2,,,,,,,,,,,,11
2019_1,1000510,100,6,1,,,17,4,2,1,,,,,1,2,,,,,15
2019_1,1000310,81,3,2,,,9,1,1,,,,,,,7,,,,1,11
2019_1,1000507,56,2,1,,,7,,,2,1,,,,,1,,,,,3
2019_1,1000297,102,4,4,,,11,1,2,,,,,,1,,,,,,30
2019_1,1000308,95,2,1,,1,12,1,1,1,1,,,,,1,,,,2,24
2019_1,1000304,103,3,2,,,3,2,1,2,1,30,,,1,14,,,,1,21
2019_1,1000268,195,3,9,,1,16,5,2,2,1,,,1,,14,,,,1,36
2019_1,1000280,90,4,1,,,2,3,2,1,2,20,,,,3,,,,,22
2019_1,1000319,206,6,6,1,2,17,1,1,1,,,,1,,9,,,,1,28
2019_1,1000283,104,3,4,,,9,,,1,1,4,,,,5,,,,,31
2019_1,1000253,78,3,1,,,4,1,,,,,,2,,5,,,,,14
2019_1,1000263,102,2,4,,1,16,2,1,,,,,,,1,,,,1,16
2019_1,1000243,159,6,2,,2,22,1,,,,,,3,,7,,,,1,19
2019_1,1000087,101,5,1,,,11,1,2,1,1,,,,1,3,,,,,24
2019_1,1000130,97,3,3,,1,7,3,1,1,1,,,1,4,7,,,,,20
2019_1,1000043,74,2,2,,,6,1,3,1,1,,,,,2,,,,1,14
2019_1,1000139,142,1,5,,2,10,2,2,,1,,,1,6,6,,,,2,24
2019_1,1000122,106,3,4,,2,14,1,1,,,,,1,1,2,,,,3,14
2019_1,1000169,180,3,6,1,1,14,3,2,2,2,44,,1,3,34,,,,,17
2019_1,1000161,148,1,2,,,21,2,1,,1,,,1,1,4,,,,1,28
2019_1,1000113,69,5,9,,1,4,,1,,,,,,1,4,,,,1,8
2019_1,1000126,94,9,3,,,7,4,1,1,,,,2,,3,,,,2,21
2019_1,1000027,142,6,1,,,5,2,1,1,1,7,,,9,35,,,,,24
2019_1,1000191,114,2,7,,2,16,,,1,,,,1,,3,,,,3,30
2019_1,1000190,91,5,2,,1,9,1,1,1,1,,,,1,3,,,,,20
2019_1,1000032,131,6,5,,1,15,1,1,,,,,1,2,13,,,,2,7
2019_1,1000031,77,2,2,,,8,1,1,1,1,,,1,,5,,,,,13
2019_1,1000066,100,7,7,,,8,2,,1,1,,,1,5,3,,,,1,23
2019_1,1000051,158,7,7,,,5,,1,,,7,,,8,22,,,,1,33
2019_1,1000072,86,3,2,,,10,1,,1,1,7,,,,7,,,,,19
2019_1,1000063,151,12,2,,,7,,1,,,7,,,5,25,,,,1,26
2019_1,1000101,83,4,1,,,9,2,2,,,,,1,,8,,,,,9
2019_1,1000150,96,4,1,,,10,4,1,1,,,,,,3,,,,,22
2019_1,1000136,137,5,2,,1,19,1,2,,,,,1,,7,,,,1,26
2019_1,1000015,180,10,8,12,1,8,1,1,1,,23,,,18,14,,,,2,29
2019_1,1000014,139,10,9,12,1,4,2,2,1,,21,,,3,4,,,,,27
2019_1,1000013,157,2,5,,,5,1,2,,,,,,13,33,,,,2,21
2019_1,1000107,63,5,,,,5,2,1,1,1,,,,,,,,,,22
2019_1,1000021,119,4,4,,,7,3,1,1,1,7,,3,4,27,,,,,16
2019_1,1000712,55,2,1,,1,6,1,,,1,,,,1,2,,,,1,11
2019_1,1000649,44,2,,,,,2,2,,1,,,1,,,,,,1,15
2019_1,1000567,144,6,7,,2,13,1,2,1,1,,,1,1,4,8,,,2,43
2019_1,1000616,80,3,2,,,8,1,2,1,,,,,,,,,,,23
2019_1,1000504,150,3,8,,,9,2,1,,,,,,2,32,,,,,40
2019_1,1000531,90,1,2,,,10,1,1,,,,,,,5,,,,,15
2019_1,1000594,72,3,1,,,4,1,1,1,2,,,1,,,,,,1,25
2019_1,1000592,103,3,3,,1,11,2,1,,2,,,,,3,,,,,23
2019_1,1000492,106,4,4,,,10,1,1,,,,,,1,11,,,,1,21
2019_1,1000501,90,2,1,,,6,1,2,,,,,,2,1,,,,,36
2019_1,1000581,74,2,1,,1,10,1,,,,,,1,,6,,,,,15
2019_1,1000352,130,2,5,,1,18,1,,2,1,,,1,,5,,,,1,27
2019_1,1000528,113,4,4,,1,12,5,,1,1,,,2,,5,,,,,11
2019_1,1000500,125,2,5,,,17,,,,,,,,,4,,,,1,21
2019_1,1000499,122,2,4,,,11,1,2,1,1,,,,,9,,,,1,26
2019_1,1000558,131,3,4,,3,15,2,1,,,,,2,,7,,,,1,15
2019_1,1000526,70,1,1,,,8,2,2,1,2,,,,,,,,,,11
2019_1,1000555,100,2,2,,1,10,,,1,,,,,,7,,,,2,9
2019_1,1000270,195,2,5,2,2,19,2,2,3,2,9,,1,,20,,,,1,28
2019_1,1000252,133,4,2,,1,12,2,3,,1,,,1,,,,,,,21
2019_1,1000654,99,4,8,,,2,1,,1,,,,,,4,,,,,52
2019_1,1000596,96,1,2,,,9,1,3,2,,,,2,,,,,,,23
2019_1,1000355,59,2,,,,8,,,1,,,,,1,1,,,,,18
2019_1,1000481,97,2,2,,,5,3,1,2,3,,,1,,13,,,,,31
2019_1,1000460,128,2,2,,,12,3,2,1,1,1,,,1,14,,,,1,26
2019_1,1000478,98,3,3,,2,11,2,1,1,,,,,,1,,,,1,23
2019_1,1000477,107,8,6,,,8,1,1,,,,,,5,,,,,5,25
2019_1,1000469,182,4,4,,,5,3,,1,2,,,1,1,77,,,,,26
2019_1,1000473,103,3,8,,,6,1,1,,,,,,,4,,,,1,23
2019_1,1000452,189,16,10,,,10,1,2,2,3,,,,5,17,,,,2,46
2019_1,1000451,130,11,5,,1,6,1,1,,,,,,1,15,,,,1,37
2019_1,1000436,148,3,2,,,7,1,2,2,1,11,,,2,11,,,,,51
2019_1,1000433,114,4,1,,1,12,,,,,,,,,9,,,,,34
2019_1,1000439,146,5,6,,1,9,,2,3,2,8,,,,13,,,,2,36
2019_1,1000432,136,5,4,,,14,3,2,,2,,,3,,4,,,,1,27
2019_1,1000428,54,3,,,,4,2,2,1,,,,,1,,,,,3,9
2019_1,1000867,73,5,6,,,5,,1,,,,,1,1,2,,,,,14
2019_1,1000348,104,5,3,1,3,9,1,1,1,,,,,,3,,,,,22
2019_1,1000344,83,4,1,,1,10,2,1,1,,,,,,1,,,,,25
2019_1,1000395,69,5,2,,,6,3,1,2,2,,,1,,1,,,,,12
2019_1,1000418,119,3,2,1,1,18,1,,,,,,,,1,,,,1,17
2019_1,1000415,109,5,2,1,1,10,2,2,,1,1,,1,,1,,,,1,18
2019_1,1000370,77,3,1,,,3,3,3,1,2,,,,,,,,,,28
2019_1,1000543,68,3,4,,,4,2,2,,2,,,,,5,,,,,16
2019_1,1000333,91,5,,,,7,1,1,1,1,,,,,,,,,,31
2019_1,1000542,79,5,,,,8,2,3,1,,,,1,,3,,,,1,22
2019_1,1000359,130,7,4,1,2,18,,,1,,,,,,4,,,,1,30
2019_1,1000980,153,5,6,,2,20,1,2,1,2,,,1,,9,,,,2,17
2019_1,1000964,65,5,2,,1,4,1,1,1,,,,1,,2,,,,2,15
2019_1,1000979,134,3,5,,2,16,2,1,1,,,,1,,9,,,,1,8
2019_1,1000978,127,2,5,,2,16,4,2,1,,,,1,,9,,,,1,10
2019_1,1000881,135,5,6,,1,12,,1,,,,,1,,15,,,,2,23
2019_1,1000740,108,2,1,,,10,1,1,,,,,2,,5,,,,,11
2019_1,1000858,118,7,9,,1,9,,1,,,,,1,1,7,,,,1,17
2019_1,1000690,88,3,4,,1,7,1,1,1,,,,,,3,,,,1,16
2019_1,1000930,252,8,27,,2,20,,,,,,,1,3,34,,,,1,23
2019_1,1000917,87,5,4,,1,9,,1,1,,,,1,2,8,,,,1,10
2019_1,1000837,131,6,4,,1,9,3,4,1,1,,,1,1,20,,,,1,23
2019_1,1000836,205,3,4,1,2,23,3,2,1,,,,1,1,22,,,,1,20
2019_1,1000915,66,5,4,,,6,,1,1,,,,1,1,7,,,,1,4
2019_1,1000853,222,1,10,,,24,2,1,1,1,,,2,,7,,,,2,30
2019_1,1000942,111,5,,,,16,2,2,,,,,,1,2,,,,1,14
2019_1,1001004,142,2,3,,2,21,1,1,2,,,,,,9,,,,1,24
2019_1,1000998,128,4,5,,1,15,3,,,,,,3,,7,,,,1,13
2019_1,1000996,111,3,4,,3,15,1,,,,,,1,,5,,,,,11
2019_1,1000902,114,,7,,2,7,2,1,,,,,2,,35,,,,,14
2019_1,1000910,176,2,9,,,6,1,1,1,1,,1,,14,9,,,,1,8
2019_1,1000907,110,4,8,,2,6,,,1,,,,,2,5,,,,,12
2019_1,1000935,164,5,19,,,9,,,,,,1,2,8,12,,,,,23
2019_1,1000971,88,4,,,,13,2,2,,,,,,,7,,,,,8
2019_1,1000933,82,3,3,,,8,,2,,1,,,3,,5,,,,1,17
2019_1,1000903,53,,2,,,2,2,1,,1,,,,,2,,,,,19
2019_1,1001002,120,2,5,,3,22,2,,,,,,,,6,,,,1,12
2019_1,1000726,76,4,3,,,7,2,,1,,,,,,5,,,,2,16
2019_1,1000761,104,2,3,,,8,3,1,,,1,,1,,17,,,,1,15
2019_1,1000756,84,2,1,,,6,1,1,2,1,,,1,,4,,,,1,16
2019_1,1000790,72,2,1,,,12,2,1,2,1,,,,,,,,,,7
2019_1,1000754,51,2,,,,3,3,2,1,,1,,,,1,,,,,20
2019_1,1000780,120,6,1,,1,12,2,1,1,2,,,,3,15,,,,,19
2019_1,1000704,86,2,2,,,12,3,2,,,,,,,,,,,,18
2019_1,1000676,54,3,4,,,4,,1,,,,,,,,,,,,18
2019_1,1000799,94,4,1,,1,8,1,1,,,,,1,3,18,,,,,20
2019_1,1000736,107,9,2,,,7,,1,1,1,,,,,28,,,,,19
2019_1,1000735,122,1,3,,,9,1,,1,1,,,1,,7,,,,,37
2019_1,1000732,77,3,1,,,6,,1,,,,,,,10,,,,1,17
2019_1,1000706,90,1,2,,1,7,2,1,,1,,,1,,13,,,,,23
2019_1,1000695,94,3,6,,3,10,2,2,1,,1,,,,3,,,,,32
2019_1,1000819,44,1,,,,4,,,2,,,,,,5,,,,,10
2019_1,1000810,81,2,1,,,2,3,1,,2,,,,,26,,,,,20
2019_1,1000202,98,3,7,,3,12,,1,1,,,,,1,3,,,,,15
2019_1,1000213,58,1,4,,2,3,,1,1,,,,,1,2,,,,,9
2019_1,1000199,123,4,4,,6,19,2,1,,,,,,,4,,,,,21
2019_1,1000196,121,1,3,,4,16,1,2,,,,,,,6,,,,,24
2019_1,1000178,104,2,4,,,11,1,1,1,,,,,,6,,,,,18
2019_1,1000309,119,3,4,,,10,2,1,,,11,,,,7,,,,1,20
2019_1,1000325,171,3,6,,2,20,1,1,1,1,,1,1,1,7,,,,1,32
2019_1,1000296,97,5,2,,2,6,2,2,1,,,,,,3,,,,,31
2019_1,1000293,101,4,2,2,1,9,2,1,1,1,9,,,,11,,,,,25
2019_1,1000291,133,1,5,3,2,8,,,1,1,51,,,1,17,,,,2,18
2019_1,1000311,75,6,1,,,5,,2,1,,,,,,1,,,,1,16
2019_1,1000303,109,6,1,,,13,4,,,,,,1,,,,,,,15
2019_1,1000105,52,1,2,,,4,,,1,1,2,,1,2,3,,,,1,10
2019_1,1000104,84,1,9,,1,8,,,1,1,2,,1,,2,,,,1,15
2019_1,1000242,83,4,1,,,4,2,2,1,,,,,,3,,,,1,14
2019_1,1000240,67,3,,,2,6,3,2,2,3,,,1,,2,,,,,16
2019_1,1000098,94,4,2,,1,6,,1,,,,,1,,3,,,,1,28
2019_1,1000020,178,8,5,,,12,2,1,,1,,,1,1,20,,,,2,31
2019_1,1000085,86,5,4,,,4,1,1,,1,,,,1,4,,,,,31
2019_1,1000084,111,16,10,6,1,8,,,,,,,2,,8,,,,,17
2019_1,1000133,147,7,3,,,18,2,1,,,,,1,,5,,,,,29
2019_1,1000029,63,3,3,,,7,,,,,,,,,7,,,,,10
2019_1,1000127,132,4,5,,,10,,1,,,,,,1,24,,,,,15
2019_1,1000044,165,6,5,,,7,3,2,,1,,,,6,43,,,,1,12
2019_1,1000004,68,3,,,,5,,,,2,7,,2,4,8,,,,,25
2019_1,1000003,308,4,13,,,9,1,2,,1,,,,35,50,,,,2,39
2019_1,1000077,136,8,8,,,14,1,1,,,,,,1,14,,,,2,17
2019_1,1000040,249,12,13,2,1,13,1,1,,,2,,,14,46,,,,1,19
2019_1,1000069,48,2,3,,,7,,,,,,,,2,1,,,,1,13
2019_1,1000125,79,3,2,,,6,3,2,1,,,,1,,1,,,,2,15
2019_1,1000140,98,2,2,,,10,3,1,1,,,,1,2,5,,,,1,14
2019_1,1000060,74,4,,,,4,,1,2,2,,,,4,2,,,,,29
2019_1,1000189,95,5,3,,1,9,1,1,2,,,,,,2,,,,2,26
2019_1,1000117,145,6,5,,,16,2,3,1,1,,,2,,7,,,,1,19
2019_1,1000057,123,5,3,,,7,1,1,1,1,5,,1,,11,,,,1,33
2019_1,1000076,92,5,5,,1,11,,,2,2,,,1,2,9,,,,2,20
2019_1,1000036,154,7,5,,1,16,2,,2,1,,,,7,9,,,,2,15
2019_1,1000074,139,5,4,,,11,1,1,,,12,,,,31,,,,2,21
2019_1,1000157,133,1,5,,1,16,1,1,,,,,2,,5,,,,1,19
2019_1,1000102,119,3,2,5,1,9,2,2,2,1,36,,,1,20,,,,1,18
2019_1,1000631,116,1,11,,,12,1,1,,1,,,,,7,,,,2,18
2019_1,1000223,120,2,2,,,12,2,1,,,,,1,,7,,,,1,17
2019_1,1000614,150,2,4,,1,11,1,1,2,1,,,2,,8,,,,1,37
2019_1,1000600,101,4,1,,,4,3,2,,,4,,2,1,1,,,,,18
2019_1,1000632,164,4,5,,,18,3,1,,1,,,,,11,,,,1,17
2019_1,1000562,126,2,2,1,2,14,3,2,3,7,,,2,,5,,,,1,17
2019_1,1000380,199,5,8,,,19,2,1,,,17,,2,,16,,,,1,33
2019_1,1000502,102,7,2,,1,12,2,3,,,,,,,3,,,,1,19
2019_1,1000529,106,5,4,1,,16,1,1,1,1,,,,,7,,,,,13
2019_1,1000572,89,1,,,,9,4,1,1,2,,,1,,1,,,,,35
2019_1,1000639,116,1,3,,2,11,3,,,,,,1,,9,,,,1,18
2019_1,1000489,84,1,1,,,10,3,2,,,1,,,,7,,,,1,17
2019_1,1000551,86,5,3,,1,8,2,1,3,3,,,,,4,,,,,21
2019_1,1000550,56,2,1,,1,4,4,2,2,3,,,,,2,,,,,15
2019_1,1000514,73,5,,,,6,1,1,1,,,,,1,2,,,,,10
2019_1,1000513,81,3,2,,1,9,,,2,1,,,,,2,,,,,10
2019_1,1000232,117,3,4,,1,11,3,2,1,,,,1,,1,,,,,22
2019_1,1000570,68,2,,,,5,1,1,,,,,,,3,,,,,23
2019_1,1000330,129,3,3,,,14,1,2,1,1,,,2,,,,,,,27
2019_1,1000643,151,7,11,,3,13,,1,,,,,,,25,,,,,30
2019_1,1000454,167,5,5,1,2,18,3,2,,,1,,2,,5,,,,1,23
2019_1,1000446,106,4,3,,,14,1,1,,,,,2,1,3,,,,1,17
2019_1,1000445,176,2,8,11,4,10,1,,,,37,,1,1,30,,,,,34
2019_1,1000438,160,2,5,,1,25,2,,,,,,3,,2,,,,1,33
2019_1,1000429,191,8,2,,4,18,1,1,,,,,1,1,6,,,,2,34
2019_1,1000431,141,2,6,,1,18,1,1,,2,,,,,2,,,,1,18
2019_1,1000342,232,5,5,,2,17,,,,,1,,,,17,,,,1,29
2019_1,1000393,77,1,,2,2,10,,,1,1,1,,,,,,,,,22
2019_1,1000416,123,2,5,2,3,14,2,1,,1,,,1,,5,,,,1,22
2019_1,1000368,34,1,,,,1,1,,,1,,,1,,1,,,,1,9
2019_1,1000336,120,3,3,,2,19,1,1,1,1,2,,2,,5,,,,1,12
2019_1,1000411,86,4,1,2,1,6,1,1,,,1,,,,1,,,,,25
2019_1,1000545,115,4,3,,,15,,1,2,,,,1,,4,,,,1,21
2019_1,1000362,90,4,4,,5,10,,,,,,,,,1,,,,,21
2019_1,1000541,121,5,4,,,11,4,1,,2,,,1,,12,,,,1,15
2019_1,1000360,126,2,5,,1,16,,,2,1,,,1,,7,,,,1,26
2019_1,1000976,31,1,,,,3,1,1,,2,,,1,,,,,,,12
2019_1,1000973,85,2,,,,13,3,3,1,,,,1,,1,,,,,11
2019_1,1000983,125,10,4,,4,12,2,2,1,1,,,2,,6,,,,1,26
2019_1,1000710,122,5,2,,2,9,1,1,,1,,,,4,12,,,,1,33
2019_1,1000685,91,5,7,,1,6,1,1,,,,,,1,8,,,,3,20
2019_1,1000927,200,1,6,,1,10,1,1,,1,,,1,7,8,,,,,10
2019_1,1001001,96,2,5,,2,14,1,1,1,,,,,,7,,,,1,12
2019_1,1000714,100,6,,,,11,3,,,1,,,1,,,,,,1,28
2019_1,1000691,132,3,4,,,13,1,,1,,,,1,,6,,,,2,27
2019_1,1000769,66,1,,,,4,2,1,1,,,,1,1,,,,,,33
2019_1,1000850,77,7,5,,,5,,1,,,,,3,,12,,,,,15
2019_1,1000943,147,3,6,,1,22,2,1,,,,,4,,15,,,,,16
2019_1,1000948,93,4,3,,1,10,2,1,1,1,,,,,11,,,,,11
2019_1,1000918,134,4,7,,1,10,1,1,,1,,,,4,6,,,,,9
2019_1,1000886,79,2,,,1,6,1,1,,,,,1,,21,,,,,2
2019_1,1000916,97,2,4,,,8,,1,,,,,3,2,16,,,,1,12
2019_1,1000856,59,6,2,,,3,1,1,1,1,,,2,1,4,,,,,15
2019_1,1000846,87,7,6,,,7,,1,1,1,,,1,1,8,,,,1,23
2019_1,1000844,55,2,2,,1,5,,1,,,,,,2,,,,,,27
2019_1,1000997,115,3,2,,3,20,2,1,1,,,,1,,5,,,,,14
2019_1,1000875,164,4,11,,,9,1,,,,,,2,,23,,,,1,16
2019_1,1000841,87,1,1,,,12,,1,,2,,,1,,12,,,,,15
2019_1,1000911,102,2,5,,,6,1,,,,,,,9,10,,,,,5
2019_1,1000838,143,4,2,,,15,,,,2,,,2,,56,,,,,21
2019_1,1000938,68,3,5,,1,9,1,1,,,,,1,,11,,,,,3
2019_1,1000937,140,4,7,,,13,,,1,,,,2,3,10,,,,2,9
2019_1,1000906,207,1,5,,1,8,1,1,,,,,1,7,17,,,,,5
2019_1,1000968,144,4,5,,1,15,5,1,1,,,,1,,9,,,,1,18
2019_1,1000965,108,2,5,,,8,4,2,1,,,,1,1,1,,,,,25
2019_1,1000995,110,5,3,,2,11,,,,,,,,1,3,,,,,11
2019_1,1000669,73,3,2,,1,5,1,1,1,,,,,,7,,,,,24
2019_1,1000792,89,4,1,,,10,2,1,,,,,,2,9,,,,1,16
2019_1,1000749,87,5,2,,,8,2,2,1,,,,2,,6,,,,,9
2019_1,1000781,184,6,4,,2,16,3,2,,,,,1,3,24,,,,1,16
2019_1,1000738,148,5,4,,,15,,1,2,1,,,2,,16,,,,1,20
2019_1,1000813,86,3,2,,,3,2,1,1,1,,,1,,30,,,,,21
2019_1,1000834,145,5,8,,3,17,2,1,,,,,1,,12,,,,,25
2019_1,1000762,74,,2,1,1,10,1,2,1,,,,2,1,2,,,,,12
2019_1,1000709,94,3,1,2,1,15,2,1,1,1,,,1,,1,,,,,23
2019_1,1000665,79,3,,,,9,,1,,1,,,,1,1,,,,,19
2019_1,1000694,107,4,7,,1,6,1,3,2,,1,,,,7,,,,1,34
2019_1,1000793,103,3,3,,1,18,2,1,1,2,,,,,,,,,,22
2019_1,1000727,97,2,4,,2,13,2,1,1,,,,,,11,,,,,18
2019_1,1000703,105,2,3,,,12,4,,,,,,1,,6,,,,1,32
2019_1,1000725,71,4,1,1,1,2,,,,,,,1,1,15,,,,3,17
2019_1,1000681,109,4,3,,,13,1,,1,,,,,,2,,,,,14
2019_1,1000700,67,2,2,,1,4,,,,,,,,,4,,,,,18
2019_1,1000811,123,3,1,,,9,1,1,1,1,,,1,,15,,,,,25
2019_1,1000244,151,2,2,,1,21,2,1,2,,,,1,,4,,,,1,17
2019_1,1000220,113,3,,,,18,3,,,,9,,,,14,,,,1,14
2019_1,1000215,58,1,1,,1,8,1,1,,,,,,,1,,,,,15
2019_1,1000204,113,,4,,1,12,1,2,,,,,1,,5,,,,,15
2019_1,1000181,80,2,2,,1,9,1,,,,3,,,,9,,,,1,9
2019_1,1000180,100,3,2,,1,10,,,1,,29,,,,8,,,,1,10
2019_1,1000317,86,4,2,,,10,2,1,1,,13,,,,2,,,,,24
2019_1,1000326,81,3,3,2,3,11,2,,1,,,,1,,3,,,,,21
2019_1,1000292,161,2,6,3,3,11,,1,,,49,,,1,26,,,,2,23
2019_1,1000289,78,2,2,2,1,4,1,1,1,1,28,,,,3,,,,,18
2019_1,1000288,153,5,5,,,16,2,,,,9,,1,,8,,,,1,26
2019_1,1000284,183,1,4,,1,15,3,3,1,1,,,2,,10,,,,1,24
2019_1,1000254,160,3,3,,1,16,3,1,,,,,2,,7,,,,1,21
2019_1,1000285,121,3,5,,2,8,2,2,1,1,19,,1,,8,,,,1,19
2019_1,1000258,122,5,1,1,3,14,3,2,2,1,,,1,,2,,,,,31
2019_1,1000265,101,4,2,,2,10,2,1,,,,,,,3,,,,1,22
2019_1,1000083,110,6,6,,,9,,1,1,1,,,,,14,,,,2,23
2019_1,1000028,123,7,5,,,11,,1,,1,,,,1,10,,,,1,14
2019_1,1000005,36,3,1,,,,,,,,,,,4,2,,,,,12
2019_1,1000138,158,5,5,,1,9,2,3,2,1,4,,1,4,30,,,,2,20
2019_1,1000145,88,2,1,,,9,2,,1,,,,1,,8,,,,1,18
2019_1,1000162,102,1,1,,,10,4,2,,1,,,,1,5,,,,1,19
2019_1,1000026,79,1,4,,1,1,1,,,,,,2,5,2,,,,,26
2019_1,1000050,39,2,,,,,1,1,1,,,,,3,1,,,,1,15
2019_1,1000035,144,6,4,1,1,17,1,,2,1,,,1,5,7,,,,3,15
2019_1,1000073,178,7,7,,,12,1,2,2,2,12,,,,38,,,,3,22
2019_1,1000064,80,2,3,,,6,1,1,,,7,,,3,15,,,,,16
2019_1,1000148,82,7,1,,,7,2,1,1,1,,,,1,2,,,,,14
2019_1,1000011,144,6,9,,3,7,,1,1,1,,,1,1,29,,,,1,22
2019_1,1000108,80,2,11,,2,6,2,2,1,,,,,2,13,,,,1,11
2019_1,1000088,200,4,6,5,2,16,2,2,1,1,36,,2,3,23,,,,2,36
2019_1,1000608,105,4,5,1,1,12,1,1,1,3,1,,1,1,5,,,,1,23
2019_1,1000584,72,1,1,,,10,2,2,2,3,,,1,,2,,,,,17
2019_1,1000622,98,1,,,,9,3,2,1,2,,,,,1,,,,,31
2019_1,1000530,92,4,4,1,2,16,1,,,,1,,1,,5,,,,,10
2019_1,1000610,110,3,4,,1,10,2,1,,,,,2,,4,,,,,30
2019_1,1000493,110,4,7,,,8,,,1,,,,,3,11,,,,2,21
2019_1,1000547,87,4,2,,,10,2,3,1,,,,,,2,,,,,8
2019_1,1000580,104,5,5,,,7,2,1,1,,,,,,4,4,,,2,30
2019_1,1000559,98,,3,,,10,2,1,1,2,,,1,,3,,,,1,16
2019_1,1000573,110,2,3,1,2,20,2,,,,1,,1,,7,,,,,13
2019_1,1000652,63,2,1,,2,5,,1,,1,,,,1,,,,,,24
2019_1,1000275,125,2,4,2,1,9,3,1,1,1,28,,,,3,,,,1,27
2019_1,1000272,134,2,5,,,15,2,,1,,7,,1,1,13,,,,1,22
2019_1,1000517,57,,,,,2,1,1,1,,,,,,,,,,,28
2019_1,1000491,154,5,8,,,9,1,1,,,,,,5,30,,,,2,32
2019_1,1000488,294,2,4,,1,15,1,1,,,,,,3,86,,,,1,52
2019_1,1000484,86,4,1,,1,7,1,3,1,,,,,,5,,,,1,23
2019_1,1000655,104,5,3,,2,5,1,,1,,,,1,,6,,,,,43
2019_1,1000231,149,5,5,,1,17,4,,1,,,,1,,3,,,,2,30
2019_1,1000597,101,1,1,,1,8,,1,1,,,,2,,,,,,1,26
2019_1,1000405,207,2,6,,3,18,2,1,,2,,,4,,7,,,,2,32
2019_1,1000462,213,7,15,,,21,2,1,,,,,1,1,4,,,,5,33
2019_1,1000626,110,3,10,,,10,1,,,1,,,,,7,,,,1,17
2019_1,1000625,82,3,3,,2,7,1,1,,,,,,,2,,,,1,16
2019_1,1000467,117,2,5,,,5,3,1,1,1,,,,,30,,,,,37
2019_1,1000465,79,,2,,,5,,,1,,,,,5,19,,,,1,14
2019_1,1000456,46,,,,,4,,1,,,,,,,,,,,,19
2019_1,1000455,148,5,4,1,2,17,2,2,,,1,,2,,6,,,,1,19
2019_1,1000444,128,4,4,,1,12,,1,2,1,,,,,12,,,,2,32
2019_1,1000440,136,3,3,,,16,4,2,,,2,,2,,2,,,,,38
2019_1,1000402,150,2,4,,2,19,5,3,1,2,,,2,,5,,,,1,22
2019_1,1000430,126,5,3,2,2,13,1,1,,,,,,,3,,,,1,25
2019_1,1000865,217,1,11,,1,15,3,1,,,12,,1,1,25,,,,2,24
2019_1,1000896,157,4,4,,4,15,,1,,,,,,1,33,,,,1,10
2019_1,1000345,71,5,,,2,,2,1,1,,,,,,1,,,,,32
2019_1,1000343,73,3,,,1,7,1,1,,,4,,1,,,,,1,,28
2019_1,1000394,110,4,3,,1,12,3,2,,1,,,1,,2,,,,2,23
2019_1,1000338,79,5,2,,1,7,1,1,1,1,,,4,,6,,,,,16
2019_1,1000413,144,6,6,,4,21,,1,,,,,1,,5,,,,1,22
2019_1,1000397,46,3,2,,,7,2,1,,,,,,,1,,,,2,9
2019_1,1000366,52,2,2,,,4,2,,1,1,,,1,,1,,,,,9
2019_1,1000365,63,6,3,,,4,1,,1,,,,,,2,,,,1,28
2019_1,1000544,131,5,4,,,18,2,1,,,,,1,,7,,,,1,22
2019_1,1000540,99,3,4,,,10,1,2,,2,,,,,5,,,,,18
2019_1,1000975,19,1,,,,1,,2,1,2,,,,,,,,,,7
2019_1,1000483,97,2,1,,,2,1,,1,2,,,1,,47,,,,,18
2019_1,1000991,108,1,3,,1,11,2,,1,,,,,,11,,,,1,21
2019_1,1000962,141,8,10,,,11,1,2,1,,,,3,10,3,,,,3,30
2019_1,1000957,90,2,4,,,4,1,2,1,2,,,,,6,,,,1,25
2019_1,1000770,122,3,2,1,2,11,1,,1,,,,,1,12,,,,,20
2019_1,1000893,109,5,2,1,1,12,2,1,1,1,,,,1,17,,,,,16
2019_1,1000716,93,4,2,,1,8,3,2,,,,,,,5,,,,,27
2019_1,1000953,159,6,6,,1,14,4,1,1,,,,,11,13,,,,2,30
2019_1,1000803,68,3,2,,,7,1,1,,,,,1,,5,,,,,5
2019_1,1000920,122,4,7,,1,12,2,1,1,2,,1,1,,13,,,,,10
2019_1,1000890,113,3,11,,1,10,1,1,,1,,,,,8,,,,,27
2019_1,1000869,122,5,6,,,11,2,1,1,1,,,1,,7,,,,1,25
2019_1,1000922,122,5,7,,1,13,1,1,,,,,1,,31,,,,,9
2019_1,1000914,130,9,9,,1,9,1,1,,,,,1,3,20,,,,1,15
2019_1,1000885,180,4,11,,2,14,,2,,,12,,5,1,22,,,1,1,32
2019_1,1000847,129,7,7,1,2,15,,,,,7,,3,,2,,,,,30
2019_1,1000919,110,4,8,,1,14,2,1,1,2,,1,1,,3,,,,,9
2019_1,1000870,140,5,11,,1,13,1,,,,,,1,,7,,,,1,31
2019_1,1000842,54,3,,,,5,2,2,,2,,,,,9,,,,,14
2019_1,1000939,138,4,8,,3,15,1,1,,,,,1,1,2,,,,1,9
2019_1,1001005,173,7,9,,6,20,3,1,,,,,1,,17,,,,1,25
2019_1,1000970,37,3,,,,3,1,2,2,1,,,1,,,,,,,12
2019_1,1000969,36,,,,,2,2,,2,1,,,1,,1,,,,,6
2019_1,1000994,127,5,5,,2,10,,,,,,,,2,2,,,,2,11
2019_1,1000080,69,5,4,,,3,,1,,,,,,,5,,,,2,6
2019_1,1000038,132,7,5,,1,17,2,,,,,,,,7,,,,2,10
2019_1,1000144,133,5,3,,1,12,3,1,,,,1,1,,15,,,,,22
2019_1,1000114,93,4,10,,2,5,1,1,,,,,,1,15,,,,,18
2019_1,1000071,133,17,2,5,1,4,1,1,,,,,,6,17,,,,1,27
2019_1,1000124,84,8,2,,2,7,2,1,,,,,,1,1,,,,1,21
2019_1,1000154,113,,5,,,13,3,,,,,,3,,3,,,,,16
2019_1,1000119,131,5,2,1,2,12,1,2,,1,,,1,,11,,,,1,25
2019_1,1000192,135,3,8,,2,27,,,,,,,1,,4,,,,1,20
2019_1,1000188,109,2,,1,1,5,1,1,1,1,26,,,,15,,,,1,22
2019_1,1000095,75,3,2,,,6,3,2,3,1,,,,,5,,,,3,13
2019_1,1000118,189,6,5,1,2,19,3,1,,,,,2,2,10,,,,3,24
2019_1,1000165,137,5,7,,1,8,2,1,,,,,1,1,9,,,,2,17
2019_1,1000024,62,3,,,,7,,1,,,,,,2,5,,,,,2
2019_1,1000037,123,7,4,,1,9,2,3,,,,,,4,13,,,,2,11
2019_1,1000059,52,10,,,,1,1,1,2,1,,,,3,2,,,,1,15
2019_1,1000092,70,4,6,,,5,2,2,2,2,,,,1,6,,,,1,13
2019_1,1000053,92,4,5,,,3,,1,,,,,,1,12,,,,1,19
2019_1,1000012,95,2,2,,,5,2,1,1,1,7,,,8,25,,,,,11
2019_1,1000049,139,7,7,,,12,1,1,,1,,,,,10,,,,1,21
2019_1,1000109,88,2,7,,,13,3,2,2,,,,2,2,7,,,,1,11
2019_1,1000106,115,2,2,,,16,4,1,2,,,,2,1,4,,,,1,29
2019_1,1000089,133,2,3,,,16,1,1,,,,,,,2,,,,,33
2019_1,1000568,157,7,8,,2,11,2,2,1,1,,,1,1,4,12,,,2,49
2019_1,1000506,79,4,1,,,5,1,1,1,1,6,,,,5,,,,,20
2019_1,1000505,115,2,11,,,11,1,1,,,,,1,,5,,,,1,22
2019_1,1000582,112,3,3,,1,14,4,2,,,,,,,4,,,,,15
2019_1,1000563,125,2,3,,,9,2,,,,,,,,11,,,,2,12
2019_1,1000612,45,2,,,,5,,1,,,,,,,,,,,,13
2019_1,1000378,96,4,5,1,2,10,3,1,,2,22,,,,,,,,,17
2019_1,1000350,122,2,5,,1,13,2,,,,,,1,,8,,,,,21
2019_1,1000351,105,4,4,2,3,12,1,,1,,,,1,,3,,,,,21
2019_1,1000557,156,3,7,,3,19,1,1,1,,,,1,,6,,,,1,21
2019_1,1000525,80,,2,,,11,3,2,2,1,,,,,,,,,,13
2019_1,1000497,127,2,3,,,10,2,1,,,,,,1,17,,,,1,33
2019_1,1000521,147,1,7,,2,11,4,1,,3,,,1,,16,,,,1,16
2019_1,1000519,155,4,9,,1,14,,2,2,,,,1,2,6,,,,1,22
2019_1,1000271,124,2,6,,,15,1,,1,,,,1,,11,,,,1,24
2019_1,1000516,84,1,4,,2,9,3,1,1,,,,,,,,,,,21
2019_1,1000486,78,2,,,,2,4,2,2,3,18,,,,2,,,,,14
2019_1,1000657,21,1,1,,,1,1,,,,,,,,,,,,,7
2019_1,1000250,87,4,1,,1,9,4,2,1,,,,,,1,,,,2,17
2019_1,1000635,78,4,2,,1,10,1,1,,,,1,,,3,,,,,19
2019_1,1000634,115,9,3,,1,10,,2,1,1,,,,,4,,,,,29
2019_1,1000598,94,2,4,1,3,12,3,2,1,3,4,,2,1,2,,,,,14
2019_1,1000605,195,5,7,,4,25,1,1,,,,,1,,7,,,,1,27
2019_1,1000604,96,3,3,,1,9,2,1,2,,,,1,,3,,,,,22
2019_1,1000354,90,2,1,,,14,2,2,,,,,1,1,,,,,,21
2019_1,1000329,104,2,3,,,11,,1,1,2,,,2,,,,,,,27
2019_1,1000328,46,1,,,,2,,3,1,2,,,,,,,,,,21
2019_1,1000464,95,6,3,,,5,1,1,2,1,,,2,,12,,,,1,27
2019_1,1000645,64,4,,,,3,1,,1,6,,,,,,,,,,27
2019_1,1000644,146,5,9,,1,11,,,,,,,,,24,,,,1,26
2019_1,1000458,105,7,2,,,4,1,,1,1,17,,1,,14,,,,2,25
2019_1,1000470,135,2,2,,,6,,,,,,,1,,60,,,,1,18
2019_1,1000468,132,2,5,,,5,3,,1,2,,,,1,47,,,,,21
2019_1,1000474,105,8,6,,,10,,1,,,,,,,10,,,,,22
2019_1,1000450,92,5,2,,,8,,2,,,8,,1,,11,,,,,23
2019_1,1000441,173,5,5,1,2,19,5,1,,,,,2,,3,,,,1,24
2019_1,1000404,174,2,4,,3,21,3,2,1,1,,,1,,11,,,,1,30
2019_1,1000535,81,2,4,,2,12,1,1,1,,,,,,,,,,,10
2019_1,1000532,68,4,4,,,5,1,1,1,,,,1,,2,,,,,16
2019_1,1000897,50,2,5,,1,5,,1,,,,,2,1,4,,,,,3
2019_1,1000341,56,1,,,,2,2,1,1,1,3,,,,,,,,,26
2019_1,1000417,107,3,2,1,1,12,4,2,1,1,,,,,,,,,,16
2019_1,1000340,93,1,1,,,10,3,1,1,1,,,,,4,,,,,36
2019_1,1000371,126,4,5,,5,14,3,1,1,,,,1,,,,,,,31
2019_1,1000399,73,1,1,1,,7,3,1,2,2,,,,,1,,,,,21
2019_1,1000364,79,4,3,,,7,2,,1,,,,,,3,,,,,31
2019_1,1000334,68,4,,,1,10,1,1,,,,,1,,,,,,,21
2019_1,1000410,58,5,1,,,6,2,2,2,1,,,,,2,,,,,13
2019_1,1000407,105,4,3,,,13,1,1,1,,,,3,,4,,,,1,15
2019_1,1000539,83,3,2,,,10,2,2,,,,,,,,,,,,4
2019_1,1000999,172,2,3,,3,26,1,1,1,,,,,,16,,,,1,17
2019_1,1000974,43,2,1,,,1,3,2,1,3,,,,,,,,,,16
2019_1,1000382,137,4,2,1,4,13,3,2,2,,,,,,9,,,,,22
2019_1,1000984,112,13,6,,1,6,1,1,2,1,,,,10,2,,,,2,29
2019_1,1000987,108,4,5,,2,10,3,1,,,,,1,,9,,,,1,9
2019_1,1000982,55,3,3,,,4,3,2,1,2,,,,,,,,,,16
2019_1,1000778,116,3,3,1,1,14,2,2,1,,1,,2,1,6,,,,1,23
2019_1,1000959,141,5,6,,4,14,1,2,2,1,,,10,,15,,,,2,19
2019_1,1000771,69,2,1,1,2,5,1,,1,,,,,1,6,,,,,16
2019_1,1000931,123,9,14,1,3,5,,,1,1,,,1,8,7,,,,1,20
2019_1,1000859,68,6,1,,,3,,1,1,1,,,1,3,4,,,,1,23
2019_1,1000848,99,7,4,,1,5,,1,1,1,,,,4,6,,,,,24
2019_1,1000739,200,6,8,,2,18,2,2,,,,,4,,9,,,,1,30
2019_1,1000715,88,3,4,,1,11,1,3,1,1,,,2,,2,,,,,19
2019_1,1000921,85,3,4,,1,7,1,1,,,,,2,,7,,,,,18
2019_1,1000913,154,3,8,,4,13,1,,,,,,,1,25,,,,1,17
2019_1,1000849,165,5,12,,3,10,,,,,,,1,4,11,,,1,1,29
2019_1,1000945,151,4,6,,1,18,3,2,,,,,4,4,18,,,,,14
2019_1,1000857,98,2,9,,1,7,2,1,1,1,,,1,1,8,,,,,18
2019_1,1000855,87,8,6,,,4,,,1,,,,1,2,3,,,,,18
2019_1,1000868,209,3,8,,1,16,1,,,,,,1,,28,,,,1,23
2019_1,1001007,48,2,3,,,4,2,1,1,2,,,,,,,,,,15
2019_1,1000901,84,6,3,,,5,1,,1,,,,2,1,8,,,,1,17
2019_1,1000391,72,2,,,,7,3,2,2,2,,,,,9,,,,,19
2019_1,1000912,75,3,6,,2,3,,1,1,1,,,1,3,7,,,,1,12
2019_1,1000871,130,3,12,,1,13,,,,,,,1,,8,,,,1,28
2019_1,1000936,118,5,9,,2,6,1,,,,,,1,2,11,,,,1,13
2019_1,1000967,163,11,7,,,11,2,2,3,2,8,,1,10,7,,,,2,31
2019_1,1000934,107,3,4,3,1,15,,2,,1,,,2,,6,,,,1,30
2019_1,1001003,161,4,3,,4,15,,,,,,,,1,10,,,,1,22
2019_1,1000972,100,,1,,1,17,4,3,1,,,,2,,2,,,,,14
2019_1,1001010,93,3,1,,2,11,1,1,1,,,,1,1,9,,,,,14
2019_1,1000724,93,3,2,,1,7,3,1,,,,,,,6,,,,,29
2019_1,1000723,75,2,2,,2,9,2,1,1,1,,,,,7,,,,1,17
2019_1,1000816,106,3,1,,,7,1,1,1,1,,,1,,43,,,,,27
2019_1,1000787,91,3,1,,1,5,4,1,,1,,,1,,,,,,,30
2019_1,1000786,117,2,1,,,9,4,1,2,2,,,1,,,,,,,41
2019_1,1000828,75,1,2,,1,7,,,2,,,,,,4,,,,1,14
2019_1,1000661,85,5,1,,,10,,1,1,,,,,,,,,,,15
2019_1,1000067,149,8,8,,,13,3,2,,,,,2,,7,,,,1,36
2019_1,1000151,135,4,6,,1,13,5,3,3,2,1,,,,11,,,,1,20
2019_1,1000091,88,4,1,,,14,2,,1,1,,,2,,,,,,,20
2019_1,1000175,82,3,1,,2,13,,1,,,,,,,1,,,,,15
2019_1,1000135,85,3,2,,,10,1,,,,,,1,,5,,,,,20
2019_1,1000618,102,3,2,,,10,1,1,1,,1,,,,2,,,,,33
2019_1,1000249,123,,3,,2,7,1,1,,,,,,1,6,,,1,3,18
2019_1,1000642,100,3,10,,,10,2,1,,,,,,,5,,,,1,16
2019_1,1000224,142,6,1,,,10,1,1,1,,,,2,,7,,,,1,22
2019_1,1000595,62,3,3,,,3,1,1,,,,,1,2,,,,,1,17
2019_1,1000620,87,3,4,2,1,7,,2,1,1,3,,,,3,,,,1,24
2019_1,1000613,152,3,5,,1,15,4,1,,,,,2,,6,,,,1,27
2019_1,1000609,139,5,5,,1,14,2,1,1,,,,2,,2,,,,,42
2019_1,1000494,139,1,2,,,3,,1,,,12,,,7,65,,,,1,24
2019_1,1000589,118,2,6,,1,12,1,1,1,,,,1,,7,,,,2,23
2019_1,1000546,104,3,2,,,16,1,2,1,,,,1,,3,,,,1,13
2019_1,1000578,148,2,8,,,16,3,2,2,,,,3,,5,,,,1,22
2019_1,1000524,35,,,,,1,,1,,,,,,,,,,,1,19
2019_1,1000575,104,2,3,,3,12,2,1,1,,,,3,,6,,,,,30
2019_1,1000629,65,2,2,2,2,14,1,,,,,,1,,4,,,,,7
2019_1,1000653,95,4,4,2,1,7,1,2,1,1,,,,,4,,,,1,26
2019_1,1000277,114,5,2,2,1,10,1,,,,9,,,,24,,,,,22
2019_1,1000276,111,7,2,,,5,3,1,,1,,,,,16,,,,,22
2019_1,1000274,72,2,3,,2,7,3,2,1,1,,,1,,6,,,,,10
2019_1,1000251,127,5,4,,,14,2,,1,,,,1,,1,,,,2,29
2019_1,1000512,96,5,4,,1,12,2,,2,,,,1,,4,,,,,25
2019_1,1000599,101,2,1,,,10,2,,,,,,,,3,,,,,9
2019_1,1000637,115,5,2,,,16,3,1,2,,,,,,8,,,,,13
2019_1,1000569,160,3,3,,,15,1,1,,,,,,,11,,,,2,19
2019_1,1000627,132,7,3,2,1,21,1,,1,,,,,,11,,,,,13
2019_1,1000476,89,2,1,,,6,,1,,,,,,2,2,,,,,30
2019_1,1000466,142,2,9,,,5,1,2,1,1,,,,1,36,,,,,43
2019_1,1000475,93,3,2,,,10,,1,,,,,,,4,,,,,22
2019_1,1000442,181,5,5,1,2,23,3,2,,,,,2,,4,,,,1,27
2019_1,1000448,71,1,3,,,5,3,1,1,,8,,,,1,,,,,13
2019_1,1000434,107,2,1,,1,9,1,1,2,2,,,,,4,,,,,27
2019_1,1000425,119,3,2,,,13,4,1,,,,,2,,3,,,,1,19
2019_1,1000899,204,2,9,,,12,1,1,1,1,,,1,6,16,,,,,7
2019_1,1000955,107,6,3,,6,12,,2,1,,,,1,,9,,,,1,17
2019_1,1000347,97,5,4,1,3,9,1,1,1,,,,1,,4,,,,,18
2019_1,1000534,113,,6,,2,15,3,1,,,,,,,,,,,,20
2019_1,1000396,126,1,2,,,12,1,,,,,,2,,5,,,,1,27
2019_1,1000375,82,6,1,,,1,2,3,1,2,13,,,,2,,,,,33
2019_1,1000392,74,3,1,,,7,1,,,,,,,,1,,,,,29
2019_1,1000369,89,3,2,,1,10,1,2,1,,,,,1,,,,,,23
2019_1,1000398,121,3,1,,1,9,1,2,,2,,,,,5,,,,1,24
2019_1,1000331,177,5,4,,1,22,2,2,2,2,,,1,,1,,,,,40
2019_1,1000409,82,2,1,2,1,8,1,1,,1,1,,,,,,,,,17
2019_1,1000406,154,4,4,,1,17,3,2,1,1,,,3,,11,,,,1,26
2019_1,1000990,135,1,3,,,17,2,1,1,,,,,,11,,,,1,20
2019_1,1001008,197,5,5,,5,19,,,,,,,,1,11,,,,2,20
2019_1,1000963,221,3,5,,2,13,1,,1,,,,,1,41,,,,,15
2019_1,1000961,133,8,10,,,11,1,1,1,1,,,3,10,2,,,,3,30
2019_1,1000892,54,1,3,,,4,,1,1,1,,,,,3,,,,1,16
2019_1,1000777,147,9,6,,,10,1,1,,,,,3,,50,,,,2,19
2019_1,1000861,64,3,4,,1,5,,1,1,2,,,1,,2,,,,,18
2019_1,1000775,181,6,4,,1,17,1,,1,,,,2,,27,,,,1,40
2019_1,1000741,178,2,6,,,17,1,,1,2,,,2,,7,,,,1,21
2019_1,1000801,73,3,2,,,8,1,1,,,,,1,,8,,,,,5
2019_1,1000950,191,3,9,,3,24,,1,1,2,,,1,,19,,,,1,24
2019_1,1000852,84,4,11,,1,6,,,,,1,,1,,4,,,,,25
2019_1,1000887,211,3,18,,1,12,,,,,,,1,,19,,,,1,18
2019_1,1000883,99,8,5,,,7,,,,,,,1,1,15,,,,,25
2019_1,1000877,160,1,8,,1,14,1,,,,,,2,,17,,,,1,11
2019_1,1000845,157,5,7,1,2,17,,,,,1,,1,1,14,,,,1,26
2019_1,1000949,106,2,5,,1,11,2,1,,,,,,5,12,,,,1,14
2019_1,1000874,59,1,1,,,3,1,1,1,,,,1,,5,,,,,22
2019_1,1000940,122,5,2,,,17,3,1,,,,,,,2,,,,,13
2019_1,1000908,126,5,14,,4,6,,,1,,,,,1,5,,,,,12
2019_1,1000387,121,3,3,,,10,,1,,,,,1,,3,,,,1,22
2019_1,1000992,117,,4,,1,11,2,2,2,1,,,1,,5,,,,1,28
2019_1,1000384,164,6,3,1,3,13,1,2,1,,,,1,,10,,,,1,33
2019_1,1000831,107,5,4,,2,12,1,1,,,,,,1,3,,,,,20
2019_1,1000734,160,5,4,,,18,,,,,,,2,,13,,,,1,24
2019_1,1000729,71,2,1,,1,3,1,,1,2,,,1,,8,,,,3,11
2019_1,1000693,130,6,5,,2,16,2,2,1,,,,,,8,,,,2,23
2019_1,1000825,112,2,1,,,14,2,2,,,,,2,,1,,,,,23
2019_1,1000809,88,2,2,,1,18,2,1,,,,,,,,,,,,17
2019_1,1000789,51,2,,,,6,2,1,3,3,,,,,,,,,,8
2019_1,1000827,104,3,3,,1,13,3,1,1,,,,,,6,,,,1,15
2019_1,1000757,209,2,7,,2,20,,1,2,1,,,4,,33,,,,1,31
2019_1,1000791,100,2,2,,1,20,2,,1,1,,,,,,,,,,15
2019_1,1000746,205,3,2,1,1,9,4,1,,,,,2,,104,,,,,25
2019_1,1000713,72,5,1,,3,7,2,1,,,,,,,5,,,,1,17
2019_1,1000731,93,3,1,1,2,6,,1,,,,,2,,21,,,,1,21
2019_1,1000798,81,2,1,,1,9,1,1,2,1,,,,,9,,,,,15
2019_1,1000748,105,4,2,,,10,,,1,,,,2,,4,,,,1,10
2019_1,1000830,103,5,4,,2,13,1,1,,,,,,,6,,,,,21
2019_1,1000785,135,3,6,,,15,,,,,,,1,2,14,,,,,20
2019_1,1000784,58,3,1,,,7,,1,,,,,,2,3,,,,,11
2019_1,1000701,59,1,2,,1,9,2,1,,,,,,,,,,,,23
2019_1,1000238,122,3,1,,1,11,1,2,,,,,,,1,,,,1,21
2019_1,1000131,81,1,4,,,8,2,,1,1,,,1,,7,,,,,11
2019_1,1000052,126,3,6,,,4,,1,,,,,,4,20,,,,2,23
2019_1,1000197,112,3,3,,1,14,,1,1,,,,,,6,,,,,19
2019_1,1000210,84,2,3,1,1,11,1,1,,,,,,,1,,,,1,23
2019_1,1000561,129,2,5,1,3,15,2,3,2,5,,,3,,4,,,,,20
2019_1,1000322,122,6,4,,2,15,1,1,2,2,2,,4,,10,,,,1,12
2019_1,1000537,131,4,4,,1,12,1,1,1,,,,1,,13,,,,2,18
2019_1,1000508,110,3,1,,,11,3,1,,,,,,,,,,,,9
2019_1,1000323,100,3,2,,1,13,2,1,1,1,2,,2,,3,,,,,9
2019_1,1000295,100,4,2,,,6,2,1,1,,11,,,,5,,,,1,19
2019_1,1000290,124,6,2,,,10,3,1,,1,,,,,19,,,,1,20
2019_1,1000281,150,4,2,1,3,17,4,1,,1,,,,,1,,,,1,40
2019_1,1000318,58,4,,,,8,1,1,1,,1,,1,,2,,,,,23
2019_1,1000286,154,2,5,,1,17,3,2,2,2,,,,,5,,,,,34
2019_1,1000259,106,4,1,1,,7,1,1,,1,8,,,1,4,,,,,26
2019_1,1000241,68,2,1,,,5,2,1,1,,,,,,2,,,,,16
2019_1,1000081,71,5,2,,,4,,1,,,,,1,1,5,,,,3,10
2019_1,1000010,168,7,8,12,1,7,,,,,19,,2,8,39,,,,,29
2019_1,1000009,132,8,3,,1,1,,,,,,,,24,23,,,,,34
2019_1,1000766,158,4,5,,2,17,2,1,,,,,4,,25,,,,,12
2019_1,1000680,144,6,5,2,3,19,1,,,,,,,,4,,,,,21
2019_1,1000765,91,2,3,1,1,15,2,2,1,,1,,2,,2,,,,,15
2019_1,1000833,103,4,4,,1,14,2,1,1,,,,,,5,,,,1,17
2019_1,1000832,204,3,5,,,25,,1,,,,,3,,6,,,,,37
2019_1,1000721,55,2,1,,1,4,1,,,,,,,,,,,,1,23
2019_1,1000666,77,4,3,,,11,,1,,,,,,,2,,,,,15
2019_1,1000745,211,5,2,,,11,2,1,,,,,1,1,119,,,,2,24
2019_1,1000821,210,2,4,,2,17,1,1,,,,,,1,30,,,,1,18
2019_1,1000719,133,6,2,,1,9,1,2,1,1,,,,4,13,,,,1,36
2019_1,1000795,120,5,5,,2,13,1,1,1,2,,,,,1,,,,,31
2019_1,1000728,172,5,9,,4,20,1,1,,,,,,,22,,,,1,21
2019_1,1000702,140,4,4,,1,17,1,1,,,,,,,12,,,,1,33
2019_1,1000873,134,4,5,,,8,3,1,1,,12,,2,1,12,,,,,26
2019_1,1000228,152,5,5,,2,15,1,2,,,,,,,6,,,,,34
2019_1,1000230,154,5,5,,3,13,2,3,,,,,2,,7,,,,3,20
2019_1,1000207,95,2,2,,,3,2,1,,,28,,,1,13,,,,1,17
2019_1,1000201,94,7,5,,3,14,2,1,,,,,,,5,,,,,13
2019_1,1000182,63,5,3,,1,6,2,,,,,,1,1,1,,,,,15
2019_1,1000509,49,1,1,,,5,2,1,,,,,,1,,,,,,9
2019_1,1000314,101,2,2,,2,12,1,2,,,,,,,3,,,,2,28
2019_1,1000313,105,2,3,,,15,2,1,,,3,,,1,2,,,,1,12
2019_1,1000301,122,4,1,,1,10,3,,,,,,,,,,,,,36
2019_1,1000320,94,3,3,,1,10,,2,1,1,,1,1,1,4,,,,1,19
2019_1,1000103,59,1,3,,1,2,,,,,2,,1,1,2,,,,2,12
2019_1,1000017,176,2,9,,,13,,,,,,,,5,22,,,,2,20
2019_1,1000287,105,4,3,,,11,1,2,1,1,,,,,2,,,,,23
2019_1,1000255,88,1,,,1,4,2,2,2,1,,,,,1,,,,1,14
2019_1,1000262,65,,2,,,12,2,1,1,1,,,,,,,,,,11
2019_1,1000260,117,5,2,,1,11,2,2,,,,,2,1,4,,,,,21
2019_1,1000264,99,5,2,,,12,2,2,,,3,,,1,1,,,,1,16
2019_1,1000046,137,4,6,,1,11,1,1,,,12,,,,33,,,,1,8
2019_1,1000167,135,1,1,,,16,4,1,,1,,,1,1,5,,,,1,27
2019_1,1000082,70,2,4,,,9,,1,,,,,,3,2,,,,1,16
2019_1,1000042,125,7,4,,1,13,3,3,,,,,,3,6,,,,1,10
2019_1,1000002,150,5,10,,2,9,,,,,,,1,4,33,,,,2,28
2019_1,1000001,204,6,4,,,3,1,1,1,2,,,,40,63,,,,,45
2019_1,1000033,122,5,4,,1,11,,2,1,2,,,1,5,15,,,,3,11
2019_1,1000070,185,10,7,,,4,,1,,,,,,7,23,,,,2,33
2019_1,1000068,140,5,6,,,10,,1,2,2,,,1,,27,,,,2,22
2019_1,1000121,134,5,6,,3,18,1,1,,,,,1,4,4,,,,2,16
2019_1,1000155,91,6,7,,,3,2,,,,5,,2,3,6,,,,1,28
2019_1,1000096,138,4,3,5,2,10,1,1,2,1,36,,,3,23,,,,5,17
2019_1,1000115,111,5,12,,1,11,,,,,,,2,1,6,,,,3,16
2019_1,1000023,147,3,5,,,17,,1,,,,,1,2,13,,,,1,17
2019_1,1000075,117,4,4,,,14,1,2,1,1,6,,1,,14,,,,1,20
2019_1,1000034,139,4,5,,1,15,3,4,1,1,,,,,7,,,,2,14
2019_1,1000100,168,4,4,,1,19,1,1,,,,,2,,11,,,,,13
2019_1,1000099,129,4,2,1,2,13,3,1,,,,,,2,4,,,,2,23
2019_1,1000176,120,3,3,,2,19,,,1,,,,,,7,,,,,17
2019_1,1000149,61,4,,,,4,4,3,2,1,,,,1,2,,,,,13
2019_1,1000147,58,3,1,,,4,2,2,1,1,,,,2,,,,,,7
2019_1,1000137,160,5,8,,2,13,2,3,2,1,,,1,1,29,,,,1,19
2019_1,1000134,124,4,3,,,17,2,2,,,,,1,,5,,,,,23
2019_1,1000055,104,6,7,6,1,12,,,,,,,1,,9,,,,1,17
2019_1,1000054,72,3,5,,,4,1,1,,1,,,,,5,,,,,21
2019_1,1000090,154,4,4,,1,14,,2,1,1,,,2,,5,,,,1,46
2019_1,1000174,91,3,2,,4,13,1,,,,,,,,4,,,,,17
2019_1,1000986,192,2,8,,8,27,1,,1,,,,,,22,,,,1,27
2019_1,1000648,84,2,2,,2,6,1,1,,,,,1,,4,,,,1,18
2019_1,1000623,89,2,1,,,7,3,2,1,2,,,,1,,,,,,19
2019_1,1000565,67,1,,,,5,1,2,,,,,,,3,,,,,22
2019_1,1000222,136,4,4,,1,13,2,1,,,,,1,,7,,,,1,22
2019_1,1000615,165,4,5,,1,16,4,1,,,,,2,,4,,,,,39
2019_1,1000593,103,1,2,,1,12,2,2,,2,,,,,1,,,,1,20
2019_1,1000564,127,3,1,,,8,,1,,,,,,,6,,,,,9
2019_1,1000400,149,5,4,,1,15,6,2,2,2,,,1,,5,,,,1,27
2019_1,1000422,66,1,1,,,7,1,,2,,,,,,3,,,,1,12
2019_1,1000587,85,2,4,,,8,3,2,2,1,,,1,,4,,,,1,10
2019_1,1000503,94,2,4,,,8,1,1,,,,,,1,11,,,,,22
2019_1,1000498,118,1,3,,,14,1,1,,,,,,,4,,,,1,24
2019_1,1000640,91,3,3,,,8,3,1,,,,,,,1,,,,1,14
2019_1,1000638,148,4,5,,,19,2,2,2,,,,,,11,,,,2,27
2019_1,1000520,64,4,2,,,5,1,1,2,1,,,1,,2,,,,,17
2019_1,1000553,68,,1,,1,12,1,1,1,,,,,,2,,,,,9
2019_1,1000515,86,4,2,,,10,1,,,,,,,1,1,,,,,17
2019_1,1000485,91,3,3,,,7,,,1,,,,,2,9,,,,2,18
2019_1,1000656,142,4,7,,2,16,1,1,,,,,,,1,,,,,39
2019_1,1000651,86,1,1,,,11,2,1,,,,,,,9,,,,1,16
2019_1,1000356,60,2,,,,8,,2,1,,,,,1,,,,,,19
2019_1,1000479,77,3,,,,4,1,2,,,,,,,1,,,,1,26
2019_1,1000646,46,3,,,,4,1,,,,,,,,,,,,,16
2019_1,1000457,66,3,2,,,5,1,,2,,,,,,1,,,,,26
2019_1,1000435,112,6,4,,,12,1,1,,,8,,,,6,,,,,21
2019_1,1000403,153,3,3,,3,19,4,2,,,,,3,,7,,,,1,25
2019_1,1000900,108,10,11,,,6,1,,1,,,,2,1,8,,,,1,24
2019_1,1000866,77,5,6,,,2,,1,1,,,,1,1,3,,,,,19
2019_1,1000898,135,2,10,,4,5,,,,,,,1,1,12,,,,,9
2019_1,1000862,115,5,6,,1,11,,1,,,,,1,,12,,,,2,16
2019_1,1000421,107,2,4,1,3,16,4,1,1,1,,,1,,2,,,,,18
2019_1,1000533,134,2,6,,1,12,1,2,1,,,,,1,6,,,,1,20
2019_1,1000420,84,4,2,2,2,12,3,,,,,,1,,3,,,,,16
2019_1,1000419,118,2,2,,,19,2,1,,,,,,,2,,,,,24
2019_1,1000374,91,4,3,,1,9,1,1,1,,,,1,,3,,,,,37
2019_1,1000373,59,4,2,,1,5,2,1,,,13,,,,4,,,,,10
2019_1,1000339,246,5,5,,3,24,3,1,,,,,2,,13,,,,1,36
2019_1,1000414,73,2,2,,1,7,2,1,,,,,,,1,,,,1,17
2019_1,1000367,22,,,,,,,,,1,,,,,1,,,,1,8
2019_1,1000335,119,5,2,,2,18,1,1,1,1,2,,,,7,,,,1,13
2019_1,1000363,88,6,3,,,6,2,,,,,,,,3,,,,1,39
2019_1,1000361,83,4,2,,4,7,1,1,,,,,,,,,,,,19
2019_1,1000408,86,4,2,,,11,2,3,2,,,,1,,3,,,,,22
2019_1,1000383,128,4,1,,1,10,2,2,1,1,,,,,15,,,,2,27
2019_1,1000985,78,2,1,,,7,2,,2,1,,,4,,,,,,,17
2019_1,1000711,100,5,2,,3,11,3,1,,,,,,,5,,,,1,23
2019_1,1000687,91,4,4,2,3,7,1,1,,,,,,,18,,,,,19
2019_1,1000779,93,3,3,1,1,14,2,2,1,,1,,2,1,5,,,,,14
2019_1,1000925,164,3,8,,2,15,1,1,,1,,,2,3,8,,,,2,10
2019_1,1000960,102,5,3,,6,9,1,1,1,,,,1,,13,,,,1,17
2019_1,1000776,154,6,4,,1,17,,2,1,1,,,1,,33,,,,1,25
2019_1,1000958,168,9,13,,6,15,1,1,1,,,,10,,16,,,,2,22
2019_1,1000689,116,4,4,,1,9,2,1,1,,,,1,,5,,,,1,21
2019_1,1000774,97,4,1,1,1,6,,1,1,1,,,1,,16,,,,1,26
2019_1,1000768,143,2,5,1,3,23,3,2,1,,,,,,15,,,,1,21
2019_1,1000742,86,,,,,3,,1,1,1,,,,1,6,,,,,20
2019_1,1000804,138,3,5,,1,14,,1,,,,,1,,17,,,,,21
2019_1,1000802,121,3,3,,,11,,1,,,,,1,,9,,,,2,10
2019_1,1000889,96,8,9,,1,7,,1,1,,,,,,9,,,,,21
2019_1,1000880,135,3,5,,,11,1,,1,,1,,1,,13,,,,1,31
2019_1,1000946,79,4,3,,1,7,1,1,1,1,,,1,,8,,,,,10
2019_1,1000872,177,6,10,,1,18,1,1,1,1,,,2,,5,,,,2,25
2019_1,1000840,89,3,1,,,13,2,,,,,,1,,7,,,,,15
2019_1,1000966,124,3,3,,2,17,,1,1,1,,,1,2,4,,,,1,16
2019_1,1000904,149,3,11,,4,15,1,,2,,,,,1,26,,,,,26
2019_1,1000977,107,5,2,,3,16,1,1,1,1,,,,,4,,,,,26
2019_1,1001009,158,5,4,,4,18,1,1,1,1,,,,1,10,,,,1,23
2019_1,1001000,171,7,8,,5,17,3,1,,,,,1,,21,,,,1,17
2019_1,1000753,196,7,3,,1,21,2,3,,,,,3,,11,,,,,26
2019_1,1000722,112,2,1,1,2,12,3,1,1,1,,,,,8,,,,1,30
2019_1,1000677,45,3,2,,,4,2,2,1,2,,,,,,,,,,10
2019_1,1000696,84,4,6,,3,6,4,1,,,1,,1,,,,,,,32
2019_1,1000835,107,4,,1,1,10,5,1,2,,,,1,,,,,,,19
2019_1,1000670,161,2,19,,,13,,1,,,,,,1,9,,,,2,37
2019_1,1000755,119,5,8,,2,9,1,1,,,,,1,1,7,,,,1,17
2019_1,1000678,154,7,7,2,3,23,1,1,,,,,,,2,,,,,18
2019_1,1000759,102,3,1,1,1,7,4,1,,,1,,,,16,,,,1,24
2019_1,1000660,103,7,3,,3,13,1,2,2,1,,,,1,1,,,,,21
2019_1,1000659,111,6,1,,3,9,1,1,1,,,,1,,16,,,,,24
2019_1,1000682,119,4,3,1,,14,,1,1,,,,,,5,,,,,19
2019_1,1000747,112,4,2,,,11,,1,1,,,,1,,4,,,,1,14
2019_1,1000697,89,3,4,,2,11,2,2,,,,,,,9,,,,,20
2019_1,1000820,200,5,4,,3,15,1,,,,,,,1,28,,,,1,20
2019_1,1000662,38,1,,,,2,,2,1,,,,,,,,,,,10
2019_1,1000905,117,1,2,,1,5,1,1,,,,,1,5,20,,,,,2
2019_1,1000783,113,2,3,1,1,15,4,1,1,,,,2,,1,,,,,15
2019_1,1000718,81,3,2,,,7,1,1,1,2,,,,,12,,,,,17
2019_1,1000247,91,5,1,,1,8,3,1,1,,,,1,,5,,,,,9
2019_1,1000236,70,1,2,,,6,2,2,,,,,,,3,,,,,13
2019_1,1000234,96,4,3,,,11,1,,,,,,,,5,,,,1,22
2019_1,1000218,97,1,2,,,14,2,,,,,,,,10,,,,1,10
2019_1,1000217,63,1,,,2,5,2,2,2,3,,,1,,,,,,,18
2019_1,1000194,101,4,1,,,15,2,1,,,3,,,1,7,,,,1,15
2019_1,1000211,106,2,1,,1,16,,1,1,,,,1,,2,,,,4,28
2019_1,1000177,98,3,1,,4,10,3,2,1,1,,,,,4,,,,,22
2019_1,1000312,145,6,2,1,2,17,2,1,1,1,,,1,,5,,,,,29
2019_1,1000282,136,2,4,,,10,3,,4,3,7,,2,1,11,,,,1,27
2019_1,1000279,85,2,1,,,4,2,1,1,1,28,,1,4,3,,,,,16
2019_1,1000256,102,1,1,1,,10,2,1,1,1,7,,1,1,3,,,,,20
2019_1,1000016,195,7,4,,,10,3,1,1,1,7,,,17,41,,,,1,32
2019_1,1000086,94,5,1,,,7,3,1,,,,,1,,2,,,,2,30
2019_1,1000245,152,4,2,,2,21,2,1,,,,,1,,6,,,,1,21
2019_1,1000019,147,5,9,,1,8,1,,1,1,,,2,2,25,,,,1,22
2019_1,1000173,65,4,,,1,10,2,1,,,,,,,,,,,,13
2019_1,1000128,78,2,3,,1,3,2,2,2,1,4,,,4,17,,,,2,16
2019_1,1000172,90,2,2,,1,10,3,1,,,,,,,5,,,,,13
2019_1,1000123,148,2,4,,,16,3,2,,,,,1,,2,,,,1,39
2019_1,1000120,100,3,7,,,8,1,1,1,1,2,,2,2,4,,,,2,20
2019_1,1000141,74,2,2,,,7,1,2,1,1,,,,2,2,,,,1,12
2019_1,1000030,157,5,6,,,15,1,3,1,2,,,1,5,20,,,,3,16
2019_1,1000111,89,1,1,,,12,1,1,,,,,,1,9,,,,,11
2019_1,1000110,110,3,15,,,14,1,1,1,1,,,1,1,8,,,,2,11
2019_1,1000116,73,2,4,,,6,,,,,2,,2,1,4,,,,1,12
2019_1,1000163,130,2,3,,,19,1,,,,,,1,,2,,,,,28
2019_1,1000022,115,2,3,,,10,1,,,,,,2,3,17,,,,2,11
2019_1,1000058,82,7,2,,,4,1,2,,,,,2,,4,,,,1,22
2019_1,1000153,101,7,3,,,7,,,1,1,,,1,,11,,,,1,16
2019_1,1000158,170,6,5,,1,21,3,2,,,,,,1,9,,,,,20
2019_1,1000056,184,10,7,,,16,1,1,1,1,,,,,22,,,,2,35
2019_1,1000482,128,4,4,,,12,,1,1,,,,,,7,,,,2,26
2019_1,1000583,46,2,1,,,2,1,,1,,,,,,,4,,,,18
2019_1,1000621,72,,,,1,4,3,1,1,,,,,,1,,,,,26
2019_1,1000424,89,4,2,,,7,3,2,2,1,,,,,1,,,,1,20
2019_1,1000381,86,1,1,,1,6,1,2,1,,,,2,,,,,1,1,14
2019_1,1000611,162,3,5,,1,16,3,,,,1,,2,,5,,,,2,34
2019_1,1000379,151,7,5,,4,11,2,3,,,,,,,4,,,,2,35
2019_1,1000377,96,4,4,,2,8,3,2,,,,,1,,2,,,,,17
2019_1,1000556,130,2,2,,1,10,,1,,,,,,,7,,,,1,37
2019_1,1000522,143,3,8,,1,10,5,3,,3,,,1,,10,,,,1,22
2019_1,1000579,133,2,7,,1,17,3,2,,,,,2,,4,,,,1,24
2019_1,1000527,74,2,2,,1,10,2,1,,,,,,,4,,,,1,14
2019_1,1000496,70,,,,,3,,,,,,,,4,17,,,,1,14
2019_1,1000630,71,2,2,,,9,,1,,,,1,1,,4,,,,,15
2019_1,1000571,92,1,,,,8,3,2,1,1,,,1,,,,,,,39
2019_1,1000628,65,4,3,2,2,14,,1,,,,,1,,4,,,,,10
2019_1,1000518,53,3,,,,7,2,2,,,,,1,,,,,,1,14
2019_1,1000490,109,3,3,,,12,1,2,2,1,,,,,9,,,,1,22
2019_1,1000487,100,6,,,,6,2,1,3,3,17,,,1,6,,,,1,24
2019_1,1000549,63,3,1,,,8,1,,1,,,,,,1,,,,,12
2019_1,1000602,100,1,3,,1,9,1,2,1,,,,,,3,,,,2,17
2019_1,1000601,84,3,1,,,4,3,2,,,,,,,1,,,,,28
2019_1,1000636,78,4,8,,,3,2,2,,1,,,1,,2,,,,1,25
2019_1,1000357,56,1,2,,,6,,1,,,,,1,,1,,,,,19
2019_1,1000647,48,1,1,,,2,1,,,,,,,,,,,,1,17
2019_1,1000472,109,7,6,,,9,,2,1,,,,,,5,,,,1,18
2019_1,1000461,174,5,10,,,16,4,2,,,,,1,1,4,,,,3,33
2019_1,1000480,107,8,3,,,9,2,2,2,2,,,1,1,12,,,,1,36
2019_1,1000619,123,3,3,,1,12,1,1,1,,1,,2,1,4,,,,1,30
2019_1,1000459,375,7,8,,,19,2,2,2,1,18,,,1,50,,,,3,64
2019_1,1000453,87,3,2,,,6,1,1,1,,6,,,,4,,,,,29
2019_1,1000443,53,1,,,1,7,2,1,1,1,,,,,,,,,2,13
2019_1,1000449,126,4,4,,,20,3,2,2,1,,,2,,3,,,,,22
2019_1,1000426,53,3,,,,6,1,1,1,,,,,1,2,,,,1,3
2019_1,1000928,50,3,,,,4,2,2,1,2,,,,,4,,,,,20
2019_1,1000864,79,3,7,,,9,1,1,,,,,1,,3,,,,,18
2019_1,1000863,119,4,7,,,13,2,1,1,1,,,1,,10,,,,,24
2019_1,1000372,77,3,2,,,9,1,1,,,,,,,,,,,,21
2019_1,1000412,122,4,6,1,4,15,1,,1,,,,,,4,,,,,21
2019_1,1000606,108,5,1,,,5,3,1,,,4,,2,2,2,,,,,17
2019_1,1000989,151,2,6,,2,23,1,1,2,1,,,,1,12,,,,1,24
2019_1,1000688,99,7,5,,1,6,3,,,,,,,,9,,,,2,20
2019_1,1000926,149,6,11,,1,13,1,,1,1,,,1,3,10,,,,2,13
2019_1,1000895,75,1,3,,1,5,2,1,,1,,,,,4,,,,,21
2019_1,1000894,144,3,7,,3,11,,,,,,,,1,27,,,,1,12
2019_1,1000860,108,2,7,,1,9,,,,,1,,1,1,10,,,,1,29
2019_1,1000692,107,3,2,1,1,16,3,2,,,,,1,,4,,,,,25
2019_1,1000932,95,1,6,,,4,1,1,2,1,,,1,,22,,,,,20
2019_1,1000956,113,3,3,,,7,3,3,2,1,,,,1,13,,,,,21
2019_1,1000951,128,4,6,,4,15,1,1,,,,,,1,23,,,,,12
2019_1,1000879,121,10,5,,3,9,,2,,,,,2,,7,,,,1,37
2019_1,1000884,89,1,,,,7,,,1,2,,,2,,9,,,,,25
2019_1,1000878,133,3,5,,1,6,1,,,1,,,2,,23,,,,,24
2019_1,1000888,304,,18,,3,19,,,,,,,,,24,,,,2,19
2019_1,1000390,87,2,1,1,1,12,1,1,1,1,1,,1,,1,,,,,14
2019_1,1000839,157,5,2,,,18,1,1,,2,,,2,,49,,,,,26
2019_1,1000882,101,5,5,,,8,3,,,1,1,,,,10,,,,1,22
2019_1,1000389,102,1,2,1,1,10,5,2,1,1,,,,,1,,,,,15
2019_1,1000388,106,2,1,,,14,,1,,,,,,,1,,,,,27
2019_1,1000386,133,2,4,,2,14,1,1,1,,,,1,,3,,,,1,16
2019_1,1000993,136,13,8,,2,9,2,1,1,1,,,1,10,5,,,,3,35
2019_1,1000737,121,3,3,,1,11,2,2,3,3,,,,,13,,,,1,33
2019_1,1000826,83,2,2,,,9,2,,1,1,,,1,,2,,,,,21
2019_1,1000815,203,1,2,,1,17,,2,,,,,1,1,33,,,,1,20
2019_1,1000717,79,2,2,,1,10,4,1,,,,,2,,3,,,,,18
2019_1,1000800,93,3,3,,,10,2,,1,2,,,1,,4,,,,,11
2019_1,1000822,56,4,1,,,5,1,1,,,,,,2,4,,,,1,8
2019_1,1000751,62,3,,,,4,2,2,,,,,4,,3,,,,,12
2019_1,1000760,84,2,2,,,3,2,2,1,,3,,,,14,,,,1,18
2019_1,1000684,99,4,6,,1,5,1,1,,,,,,1,5,,,,3,24
2019_1,1000814,89,3,2,,,5,,,,,,,1,,3,,,,2,12
2019_1,1000675,107,5,3,,3,8,1,2,1,,,,1,,9,,,,,37
2019_1,1000708,107,3,3,,2,14,1,1,,,,,,,8,,,,2,22
2019_1,1000807,129,2,3,,1,20,3,2,2,1,,,,,,,,,,33
2019_1,1000664,83,5,1,1,,9,,2,,,,,,1,2,,,,,12
2019_1,1000909,170,5,14,,1,12,,,1,1,,,2,5,11,,,,1,12
2019_1,1000876,79,8,8,,,3,,1,1,1,,,1,1,5,,,,,18
2019_1,1000160,75,4,4,,,4,2,,1,1,,,1,,9,,,,,15
2019_1,1000235,115,3,3,,1,12,2,1,2,1,,,,,6,,,,1,20
2019_1,1000225,91,2,,,1,7,2,1,1,2,,,2,,5,,,,1,22
2019_1,1000209,77,3,3,1,2,9,2,1,,,,,2,2,5,,,,,16
2019_1,1000205,100,6,4,,4,12,3,2,,,,,,2,7,,,,,12
2019_1,1000186,126,4,6,,3,13,1,1,,,,,1,1,6,,,,1,17
2019_1,1000184,121,3,4,,,15,3,2,2,2,28,,1,,,,,,,12
2019_1,1000183,98,1,3,,1,4,,1,1,1,19,,,,19,,,,,19
2019_1,1000586,77,2,2,,1,9,4,1,2,1,,,1,,4,,,,1,6
2019_1,1000321,83,4,2,,1,5,2,2,,,,,2,,4,,,,,24
2019_1,1000536,62,2,,,1,,,2,1,,,,,,6,,,,1,14
2019_1,1000327,149,6,5,,2,14,1,,,,,,,,5,,,,1,21
2019_1,1000316,63,1,2,,1,11,2,,1,,,,,,,,,,,14
2019_1,1000298,134,4,5,,,14,4,2,,,1,,,,2,,,,,34
2019_1,1000300,111,3,1,,1,12,5,2,1,1,,,1,,1,,,,,18
2019_1,1000267,59,,2,,,8,,1,1,1,,,,,,,,,,14
2019_1,1000273,115,4,5,,,9,1,,,2,10,,,,1,,,,,26
2019_1,1000261,105,2,3,,1,10,1,,,,,,,,1,,,,1,23
2019_1,1000239,157,3,2,,3,23,4,2,1,,,,2,1,2,,,,,24
2019_1,1000048,171,8,10,,,9,1,,,,,,1,6,19,,,,1,16
2019_1,1000047,189,5,7,,,10,1,1,,,12,,,4,43,,,,4,16
2019_1,1000045,179,7,5,,,4,2,3,,1,3,,,7,56,,,,1,16
2019_1,1000168,125,3,3,1,1,9,2,2,2,2,42,,1,5,27,,,,,9
2019_1,1000132,112,6,3,,,11,1,1,,,,,2,,6,,,,,18
2019_1,1000008,137,8,3,,1,1,,,1,1,,,,21,27,,,,,37
2019_1,1000006,221,6,4,,,3,1,1,2,2,,,,42,68,,,,,42
2019_1,1000079,105,6,12,,,7,,1,,,,,,4,5,,,,3,16
2019_1,1000078,64,2,4,,,8,,1,,1,,,,2,2,,,,1,16
2019_1,1000041,127,4,3,,,8,2,1,1,1,,,,5,24,,,,3,12
2019_1,1000039,463,15,39,2,1,29,1,1,,,1,1,,35,41,,,,2,36
2019_1,1000171,53,3,1,,1,9,3,,,,,,,,2,,,,1,12
2019_1,1000170,113,4,9,,2,6,,1,,,,,1,3,21,,,,2,18
2019_1,1000025,119,11,2,,1,10,1,1,1,1,,,,5,2,,,,1,32
2019_1,1000142,148,4,9,,2,11,2,,,,,1,1,,23,,,,1,19
2019_1,1000097,110,5,1,,,6,3,2,,1,,,2,,,,,,1,35
2019_1,1000187,84,3,3,,,13,3,2,,2,,,,,2,,,,1,18
2019_1,1000094,67,2,3,,,8,3,1,1,,,,,,2,,,,3,11
2019_1,1000166,145,2,3,,,18,1,2,,1,,,1,1,4,,,,1,26
2019_1,1000164,81,4,2,,,7,4,2,1,1,,,,4,1,,,,,10
2019_1,1000065,96,6,7,,,8,2,1,1,1,,,1,5,2,,,,1,29
2019_1,1000152,114,7,7,,1,10,1,1,3,2,,,1,,12,,,,2,17
2019_1,1000093,82,7,2,,,7,4,1,,,,,,3,3,,,,1,17
2019_1,1000156,147,7,3,,1,16,1,2,2,3,,,1,,5,,,,1,36
